State,Year,Decade,StateCategory,RepublicanPct,TotalVisits,YoYChange
AK,1980,1980,Red,100.0,656618,-2.248112678069252
AK,1981,1980,Red,100.0,651376,-0.7983332774916314
AK,1982,1980,Red,100.0,766717,17.70728427206406
AK,1983,1980,Red,100.0,757728,-1.1724012901761667
AK,1984,1980,Red,100.0,844965,11.512970353477765
AK,1985,1980,Red,100.0,1199958,42.012746090074735
AK,1986,1980,Red,100.0,1414309,17.863208545632432
AK,1987,1980,Red,100.0,2407555,70.22835886641462
AK,1988,1980,Red,100.0,1868344,-22.396622299386724
AK,1989,1980,Red,100.0,1932416,3.4293470581434686
AK,1990,1990,Red,100.0,1954040,1.1190137113333776
AK,1991,1990,Red,100.0,1807661,-7.491095371640294
AK,1992,1990,Red,100.0,1773592,-1.8847007265189657
AK,1993,1990,Red,100.0,1954809,10.217513385265606
AK,1994,1990,Red,100.0,2076475,6.2239328752834675
AK,1995,1990,Red,100.0,1889172,-9.020238625555328
AK,1996,1990,Red,100.0,1797643,-4.844926772152033
AK,1997,1990,Red,100.0,1877707,4.453832045628637
AK,1998,1990,Red,100.0,1914585,1.9639911871234434
AK,1999,1990,Red,100.0,1974346,3.1213552806482867
AK,2000,2000,Red,100.0,1950398,-1.212958620221582
AK,2001,2000,Red,100.0,1913588,-1.8873071034732398
AK,2002,2000,Red,100.0,1953546,2.0881192816844587
AK,2003,2000,Red,100.0,1913568,-2.0464324873844792
AK,2004,2000,Red,100.0,1918766,0.2716391578454489
AK,2005,2000,Red,100.0,1932837,0.7333359044302432
AK,2006,2000,Red,100.0,1986299,2.765985957429416
AK,2007,2000,Red,100.0,2069529,4.190204999348033
AK,2008,2000,Red,100.0,1973592,-4.635692469156026
AK,2009,2000,Red,100.0,1967916,-0.2875974365522357
AK,2010,2010,Red,100.0,2146192,9.059126507432227
AK,2011,2010,Red,100.0,2199532,2.4853321604031695
AK,2012,2010,Red,100.0,2202988,0.15712433372190082
AK,2013,2010,Red,100.0,2301237,4.459806408387154
AK,2014,2010,Red,100.0,2275048,-1.1380401062558962
AK,2015,2010,Red,100.0,2377034,4.4828065166097595
AK,2016,2010,Red,100.0,2431727,2.300892625010833
AK,2017,2010,Red,100.0,2450423,0.7688363044042362
AK,2018,2010,Red,100.0,2462872,0.5080347352273464
AK,2019,2010,Red,100.0,2628031,6.705951425815064
AK,2020,2020,Red,100.0,828534,-68.47320294167002
AK,2021,2020,Red,100.0,1977361,138.65779799018506
AK,2022,2020,Red,100.0,2429072,22.84413417681445
AK,2023,2020,Red,100.0,2612842,7.565440629178551
AK,2024,2020,Red,100.0,2693708,3.094944125974705
AR,1980,1980,Red,75.0,5269638,2.34544484871838
AR,1981,1980,Red,75.0,5301994,0.6140080210443298
AR,1982,1980,Red,75.0,5039737,-4.946384322577506
AR,1983,1980,Red,75.0,5209251,3.3635485343778853
AR,1984,1980,Red,75.0,5417048,3.9889995701877297
AR,1985,1980,Red,75.0,5237605,-3.312560641884658
AR,1986,1980,Red,75.0,5613910,7.184676965903308
AR,1987,1980,Red,75.0,5306343,-5.478659258876612
AR,1988,1980,Red,75.0,5401103,1.7857873115250937
AR,1989,1980,Red,75.0,5784704,7.102271517502999
AR,1990,1990,Red,75.0,5334015,-7.791046871196866
AR,1991,1990,Red,75.0,5493617,2.9921550651807314
AR,1992,1990,Red,75.0,3474833,-36.74781114154845
AR,1993,1990,Red,75.0,3508505,0.9690249862367486
AR,1994,1990,Red,75.0,3696677,5.363310013809301
AR,1995,1990,Red,75.0,3626243,-1.9053328164727403
AR,1996,1990,Red,75.0,3553557,-2.0044437176438534
AR,1997,1990,Red,75.0,3456138,-2.7414503270947956
AR,1998,1990,Red,75.0,3497982,1.2107155443445836
AR,1999,1990,Red,75.0,3293977,-5.832076894620956
AR,2000,2000,Red,75.0,3384519,2.748713788833377
AR,2001,2000,Red,75.0,3231765,-4.513314890535406
AR,2002,2000,Red,75.0,3458465,7.014742717988468
AR,2003,2000,Red,75.0,3864555,11.741914404222682
AR,2004,2000,Red,75.0,3856535,-0.20752712796169287
AR,2005,2000,Red,75.0,3765652,-2.356597308205423
AR,2006,2000,Red,75.0,3825330,1.5847985953030177
AR,2007,2000,Red,75.0,3688405,-3.57942974854457
AR,2008,2000,Red,75.0,3422177,-7.217970911545776
AR,2009,2000,Red,75.0,3363937,-1.701840670427041
AR,2010,2010,Red,75.0,3537680,5.164870804655378
AR,2011,2010,Red,75.0,3689046,4.278679812758644
AR,2012,2010,Red,75.0,3564745,-3.3694619150859055
AR,2013,2010,Red,75.0,3403143,-4.53333969189942
AR,2014,2010,Red,75.0,3590285,5.499093044282888
AR,2015,2010,Red,75.0,3661587,1.9859704730961472
AR,2016,2010,Red,75.0,3897069,6.4311458392221725
AR,2017,2010,Red,75.0,4017144,3.081161765419088
AR,2018,2010,Red,75.0,3812959,-5.082839947982945
AR,2019,2010,Red,75.0,3698372,-3.0051988495024466
AR,2020,2020,Red,75.0,1496420,-59.53841311798813
AR,2021,2020,Red,75.0,2312870,54.56021705136258
AR,2022,2020,Red,75.0,2796933,20.929105397190504
AR,2023,2020,Red,75.0,2653471,-5.129261230068794
AR,2024,2020,Red,75.0,2622534,-1.165906844280567
AZ,1980,1980,Red,83.33333333333334,3824217,7.663675959733142
AZ,1981,1980,Red,83.33333333333334,3915224,2.3797551237285957
AZ,1982,1980,Red,83.33333333333334,4577772,16.92235233539639
AZ,1983,1980,Red,83.33333333333334,4778534,4.385583205105016
AZ,1984,1980,Red,83.33333333333334,4750769,-0.5810359411484778
AZ,1985,1980,Red,83.33333333333334,5998226,26.258001599320025
AZ,1986,1980,Red,83.33333333333334,5925533,-1.2119083208935442
AZ,1987,1980,Red,83.33333333333334,6604817,11.463677613473758
AZ,1988,1980,Red,83.33333333333334,7224671,9.384877733932674
AZ,1989,1980,Red,83.33333333333334,7374911,2.079541061454563
AZ,1990,1990,Red,83.33333333333334,7095459,-3.7892253886182488
AZ,1991,1990,Red,83.33333333333334,7241257,2.0548071661044056
AZ,1992,1990,Red,83.33333333333334,7861755,8.568926638013261
AZ,1993,1990,Red,83.33333333333334,8346655,6.167834026880766
AZ,1994,1990,Red,83.33333333333334,8434826,1.0563632976324047
AZ,1995,1990,Red,83.33333333333334,8779444,4.085656301623768
AZ,1996,1990,Red,83.33333333333334,8482063,-3.387241834448742
AZ,1997,1990,Red,83.33333333333334,8703632,2.6122064879735034
AZ,1998,1990,Red,83.33333333333334,8704751,0.012856701662018797
AZ,1999,1990,Red,83.33333333333334,9021300,3.6365083849038307
AZ,2000,2000,Red,83.33333333333334,8820463,-2.2262534224557435
AZ,2001,2000,Red,83.33333333333334,8349326,-5.341408948713917
AZ,2002,2000,Red,83.33333333333334,8348676,-0.007785059536542231
AZ,2003,2000,Red,83.33333333333334,8528842,2.1580188283747024
AZ,2004,2000,Red,83.33333333333334,8854806,3.821902199618658
AZ,2005,2000,Red,83.33333333333334,8698283,-1.767661538829874
AZ,2006,2000,Red,83.33333333333334,8078343,-7.127153715279211
AZ,2007,2000,Red,83.33333333333334,7926758,-1.8764367890791465
AZ,2008,2000,Red,83.33333333333334,7774160,-1.9250997696662369
AZ,2009,2000,Red,83.33333333333334,7876981,1.322599483416858
AZ,2010,2010,Red,83.33333333333334,8135389,3.2805461889523406
AZ,2011,2010,Red,83.33333333333334,7948322,-2.2994229286393066
AZ,2012,2010,Red,83.33333333333334,8289262,4.2894588316879965
AZ,2013,2010,Red,83.33333333333334,8820423,6.407820141286402
AZ,2014,2010,Red,83.33333333333334,9180410,4.081289525456999
AZ,2015,2010,Red,83.33333333333334,10031738,9.273311322696918
AZ,2016,2010,Red,83.33333333333334,10414310,3.8136163444459967
AZ,2017,2010,Red,83.33333333333334,10012066,-3.862416233048565
AZ,2018,2010,Red,83.33333333333334,10096036,0.838688039012128
AZ,2019,2010,Red,83.33333333333334,10354332,2.5583902434579273
AZ,2020,2020,Red,83.33333333333334,6955948,-32.820890811691186
AZ,2021,2020,Red,83.33333333333334,9152246,31.574387847637738
AZ,2022,2020,Red,83.33333333333334,10498304,14.707406247603046
AZ,2023,2020,Red,83.33333333333334,10672768,1.6618303299275767
AZ,2024,2020,Red,83.33333333333334,10947514,2.57427126683537
CA,1980,1980,Swing,33.33333333333333,6694396,4.295801166068385
CA,1981,1980,Swing,33.33333333333333,7064693,5.531447497279815
CA,1982,1980,Swing,33.33333333333333,7074294,0.13590116371652666
CA,1983,1980,Swing,33.33333333333333,6892561,-2.568920658372411
CA,1984,1980,Swing,33.33333333333333,7479274,8.512264164219948
CA,1985,1980,Swing,33.33333333333333,7468573,-0.14307538405465556
CA,1986,1980,Swing,33.33333333333333,8011320,7.26707765994923
CA,1987,1980,Swing,33.33333333333333,8656047,8.047700004493642
CA,1988,1980,Swing,33.33333333333333,8698973,0.4959076585420574
CA,1989,1980,Swing,33.33333333333333,8752600,0.616475071252664
CA,1990,1990,Swing,33.33333333333333,8327803,-4.853380709731965
CA,1991,1990,Swing,33.33333333333333,8884699,6.687189886696407
CA,1992,1990,Swing,33.33333333333333,8958851,0.8346034007454839
CA,1993,1990,Swing,33.33333333333333,9277451,3.5562596140956018
CA,1994,1990,Swing,33.33333333333333,9328012,0.5449880576033223
CA,1995,1990,Swing,33.33333333333333,9819938,5.273642443856205
CA,1996,1990,Swing,33.33333333333333,9341570,-4.871395318381847
CA,1997,1990,Swing,33.33333333333333,9255931,-0.916751680927296
CA,1998,1990,Swing,33.33333333333333,9272139,0.17510934340370515
CA,1999,1990,Swing,33.33333333333333,9253344,-0.20270403625312344
CA,2000,2000,Swing,33.33333333333333,8833763,-4.534371574211442
CA,2001,2000,Swing,33.33333333333333,8783654,-0.5672441065036498
CA,2002,2000,Swing,33.33333333333333,8670617,-1.2869017836995855
CA,2003,2000,Swing,33.33333333333333,8829740,1.8351981179655381
CA,2004,2000,Swing,33.33333333333333,8452039,-4.277600472947108
CA,2005,2000,Swing,33.33333333333333,8588591,1.6156101504027607
CA,2006,2000,Swing,33.33333333333333,8259041,-3.8370671044878026
CA,2007,2000,Swing,33.33333333333333,8570927,3.7762979987628107
CA,2008,2000,Swing,33.33333333333333,8673304,1.1944682296325706
CA,2009,2000,Swing,33.33333333333333,8989553,3.6462344684332524
CA,2010,2010,Swing,33.33333333333333,9474278,5.392092354313947
CA,2011,2010,Swing,33.33333333333333,9458666,-0.16478300510075808
CA,2012,2010,Swing,33.33333333333333,9382719,-0.8029356359554296
CA,2013,2010,Swing,33.33333333333333,8983101,-4.259085239577142
CA,2014,2010,Swing,33.33333333333333,9746919,8.502832151169178
CA,2015,2010,Swing,33.33333333333333,10675412,9.52601534905543
CA,2016,2010,Swing,33.33333333333333,12643993,18.440328110990002
CA,2017,2010,Swing,33.33333333333333,12315767,-2.5959046323420143
CA,2018,2010,Swing,33.33333333333333,12410107,0.7660099448130189
CA,2019,2010,Swing,33.33333333333333,12931849,4.204170036567775
CA,2020,2020,Swing,33.33333333333333,8004776,-38.100297954298725
CA,2021,2020,Swing,33.33333333333333,10834282,35.34772240972139
CA,2022,2020,Swing,33.33333333333333,11417461,5.382719408632709
CA,2023,2020,Swing,33.33333333333333,11666306,2.179512590408673
CA,2024,2020,Swing,33.33333333333333,12449996,6.7175505254190995
CO,1980,1980,Swing,58.333333333333336,3673745,6.4392078101785435
CO,1981,1980,Swing,58.333333333333336,3946492,7.424222421534429
CO,1982,1980,Swing,58.333333333333336,3586717,-9.116324067044859
CO,1983,1980,Swing,58.333333333333336,3748564,4.512399500713327
CO,1984,1980,Swing,58.333333333333336,3379510,-9.8452100591053
CO,1985,1980,Swing,58.333333333333336,3462251,2.448313512905717
CO,1986,1980,Swing,58.333333333333336,3698997,6.837921340769343
CO,1987,1980,Swing,58.333333333333336,3923971,6.082027100860044
CO,1988,1980,Swing,58.333333333333336,4018786,2.4163022611533065
CO,1989,1980,Swing,58.333333333333336,3809767,-5.201048276768158
CO,1990,1990,Swing,58.333333333333336,3974039,4.311864741334575
CO,1991,1990,Swing,58.333333333333336,4197755,5.629436449919088
CO,1992,1990,Swing,58.333333333333336,4317930,2.8628397798346974
CO,1993,1990,Swing,58.333333333333336,4242685,-1.7426174115837916
CO,1994,1990,Swing,58.333333333333336,4380228,3.241885739808635
CO,1995,1990,Swing,58.333333333333336,4234526,-3.3263565275597524
CO,1996,1990,Swing,58.333333333333336,4259291,0.5848352330343467
CO,1997,1990,Swing,58.333333333333336,4302307,1.009933343366302
CO,1998,1990,Swing,58.333333333333336,4307276,0.11549617449428877
CO,1999,1990,Swing,58.333333333333336,4509633,4.698027245061612
CO,2000,2000,Swing,58.333333333333336,4303893,-4.562233778225412
CO,2001,2000,Swing,58.333333333333336,4314794,0.2532823190539356
CO,2002,2000,Swing,58.333333333333336,3966662,-8.068334200891167
CO,2003,2000,Swing,58.333333333333336,4129756,4.1116182825761305
CO,2004,2000,Swing,58.333333333333336,3864758,-6.41679556855175
CO,2005,2000,Swing,58.333333333333336,3961565,2.504865763910703
CO,2006,2000,Swing,58.333333333333336,3924868,-0.9263258333512134
CO,2007,2000,Swing,58.333333333333336,4161144,6.019973155785112
CO,2008,2000,Swing,58.333333333333336,3931865,-5.509999173304264
CO,2009,2000,Swing,58.333333333333336,4018698,2.2084430670941146
CO,2010,2010,Swing,58.333333333333336,4155164,3.3957764430171165
CO,2011,2010,Swing,58.333333333333336,4372535,5.231345862642245
CO,2012,2010,Swing,58.333333333333336,4184588,-4.2983532435989655
CO,2013,2010,Swing,58.333333333333336,3885635,-7.14414417859058
CO,2014,2010,Swing,58.333333333333336,4404774,13.360467465420712
CO,2015,2010,Swing,58.333333333333336,5231611,18.77138304939141
CO,2016,2010,Swing,58.333333333333336,5753815,9.981705444078315
CO,2017,2010,Swing,58.333333333333336,5863313,1.903050410901289
CO,2018,2010,Swing,58.333333333333336,5925225,1.0559217971136796
CO,2019,2010,Swing,58.333333333333336,6205921,4.737305334396584
CO,2020,2020,Swing,58.333333333333336,4412567,-28.897467434728867
CO,2021,2020,Swing,58.333333333333336,5917578,34.1073801258995
CO,2022,2020,Swing,58.333333333333336,5610769,-5.184705634636333
CO,2023,2020,Swing,58.333333333333336,5511399,-1.7710584770109055
CO,2024,2020,Swing,58.333333333333336,5428403,-1.5058971415424651
FL,1980,1980,Swing,66.66666666666666,1068742,0.7086170471399952
FL,1981,1980,Swing,66.66666666666666,948092,-11.288973391145852
FL,1982,1980,Swing,66.66666666666666,987212,4.126181847331272
FL,1983,1980,Swing,66.66666666666666,967025,-2.044849535864637
FL,1984,1980,Swing,66.66666666666666,990449,2.422274501693338
FL,1985,1980,Swing,66.66666666666666,1182155,19.355464037017555
FL,1986,1980,Swing,66.66666666666666,1364054,15.387068531622333
FL,1987,1980,Swing,66.66666666666666,1448709,6.206132601788492
FL,1988,1980,Swing,66.66666666666666,1629753,12.496919671238322
FL,1989,1980,Swing,66.66666666666666,1586704,-2.641443212560431
FL,1990,1990,Swing,66.66666666666666,1602845,1.0172659802962618
FL,1991,1990,Swing,66.66666666666666,1862647,16.208803720883804
FL,1992,1990,Swing,66.66666666666666,1406127,-24.50920652168661
FL,1993,1990,Swing,66.66666666666666,1116802,-20.576021938274422
FL,1994,1990,Swing,66.66666666666666,1028626,-7.895401333450335
FL,1995,1990,Swing,66.66666666666666,1540436,49.756665688014884
FL,1996,1990,Swing,66.66666666666666,1369995,-11.064464865791242
FL,1997,1990,Swing,66.66666666666666,1500228,9.506093087930978
FL,1998,1990,Swing,66.66666666666666,1650181,9.995347373865838
FL,1999,1990,Swing,66.66666666666666,1668137,1.0881230604400365
FL,2000,2000,Swing,66.66666666666666,1549040,-7.1395215141202435
FL,2001,2000,Swing,66.66666666666666,1686407,8.86787946082735
FL,2002,2000,Swing,66.66666666666666,1637630,-2.892362282651815
FL,2003,2000,Swing,66.66666666666666,1670130,1.9845752703602157
FL,2004,2000,Swing,66.66666666666666,1789534,7.14938358091885
FL,2005,2000,Swing,66.66666666666666,1909788,6.719849972115647
FL,2006,2000,Swing,66.66666666666666,1671919,-12.455256813845306
FL,2007,2000,Swing,66.66666666666666,1695863,1.4321267956162949
FL,2008,2000,Swing,66.66666666666666,1579205,-6.8789754832790155
FL,2009,2000,Swing,66.66666666666666,1394789,-11.677774576448275
FL,2010,2010,Swing,66.66666666666666,1441939,3.38043962205036
FL,2011,2010,Swing,66.66666666666666,1492218,3.4869020118049376
FL,2012,2010,Swing,66.66666666666666,1703555,14.162608948558455
FL,2013,2010,Swing,66.66666666666666,1599582,-6.103295755053403
FL,2014,2010,Swing,66.66666666666666,1709700,6.884173490324347
FL,2015,2010,Swing,66.66666666666666,1670018,-2.3209919868982865
FL,2016,2010,Swing,66.66666666666666,1530639,-8.345957947758647
FL,2017,2010,Swing,66.66666666666666,1528041,-0.169733033066582
FL,2018,2010,Swing,66.66666666666666,1133642,-25.810760313368554
FL,2019,2010,Swing,66.66666666666666,1914608,68.89000231113526
FL,2020,2020,Swing,66.66666666666666,1161024,-39.35970182930396
FL,2021,2020,Swing,66.66666666666666,1738940,49.77640427760322
FL,2022,2020,Swing,66.66666666666666,1942813,11.723981275949717
FL,2023,2020,Swing,66.66666666666666,1473324,-24.16542405264943
FL,2024,2020,Swing,66.66666666666666,1346779,-8.589081559792687
HI,1980,1980,Blue,8.333333333333332,2944970,-0.26770520255683017
HI,1981,1980,Blue,8.333333333333332,3013568,2.3293276332186745
HI,1982,1980,Blue,8.333333333333332,3421749,13.544774831694523
HI,1983,1980,Blue,8.333333333333332,3710687,8.444161158518641
HI,1984,1980,Blue,8.333333333333332,3624400,-2.325364548397642
HI,1985,1980,Blue,8.333333333333332,2520069,-30.469346650480077
HI,1986,1980,Blue,8.333333333333332,2811572,11.567262642411775
HI,1987,1980,Blue,8.333333333333332,3232481,14.970592963651653
HI,1988,1980,Blue,8.333333333333332,3277786,1.401555028475032
HI,1989,1980,Blue,8.333333333333332,3622100,10.504468565061904
HI,1990,1990,Blue,8.333333333333332,3658062,0.9928494519753734
HI,1991,1990,Blue,8.333333333333332,3837739,4.911808493131063
HI,1992,1990,Blue,8.333333333333332,3705576,-3.443772492084532
HI,1993,1990,Blue,8.333333333333332,3841429,3.6661776738623093
HI,1994,1990,Blue,8.333333333333332,4055202,5.564934299189182
HI,1995,1990,Blue,8.333333333333332,4100394,1.1144204407080092
HI,1996,1990,Blue,8.333333333333332,4133725,0.8128731043894807
HI,1997,1990,Blue,8.333333333333332,4680605,13.229714119831387
HI,1998,1990,Blue,8.333333333333332,4159260,-11.138410525989697
HI,1999,1990,Blue,8.333333333333332,4764174,14.543789039396431
HI,2000,2000,Blue,8.333333333333332,4322988,-9.260493004663557
HI,2001,2000,Blue,8.333333333333332,4071711,-5.8125768565630995
HI,2002,2000,Blue,8.333333333333332,3949529,-3.0007532459941286
HI,2003,2000,Blue,8.333333333333332,3903528,-1.1647211604219136
HI,2004,2000,Blue,8.333333333333332,4089862,4.773476711323705
HI,2005,2000,Blue,8.333333333333332,4202771,2.7607043954050283
HI,2006,2000,Blue,8.333333333333332,4797268,14.145357907913612
HI,2007,2000,Blue,8.333333333333332,4623909,-3.6137026324149493
HI,2008,2000,Blue,8.333333333333332,4314869,-6.683522534721163
HI,2009,2000,Blue,8.333333333333332,4191336,-2.8629606136362424
HI,2010,2010,Blue,8.333333333333332,4296418,2.507124220057757
HI,2011,2010,Blue,8.333333333333332,4196940,-2.3153706180357685
HI,2012,2010,Blue,8.333333333333332,4469818,6.501832287333152
HI,2013,2010,Blue,8.333333333333332,4252943,-4.851987262121187
HI,2014,2010,Blue,8.333333333333332,4717686,10.927562396204229
HI,2015,2010,Blue,8.333333333333332,4933650,4.5777527372529665
HI,2016,2010,Blue,8.333333333333332,5035715,2.068752343599566
HI,2017,2010,Blue,8.333333333333332,5014423,-0.42281979818158894
HI,2018,2010,Blue,8.333333333333332,4037391,-19.484435198227192
HI,2019,2010,Blue,8.333333333333332,4232183,4.824699911403181
HI,2020,2020,Blue,8.333333333333332,2795009,-33.958219670557725
HI,2021,2020,Blue,8.333333333333332,4010794,43.49842880649042
HI,2022,2020,Blue,8.333333333333332,4579493,14.179212395351145
HI,2023,2020,Blue,8.333333333333332,4310545,-5.872877194047463
HI,2024,2020,Blue,8.333333333333332,4068009,-5.626573901907996
IN,1980,1980,Red,91.66666666666666,1634624,-18.949261475284253
IN,1981,1980,Red,91.66666666666666,1364711,-16.512237676676715
IN,1982,1980,Red,91.66666666666666,1414268,3.6313182791081777
IN,1983,1980,Red,91.66666666666666,1862855,31.71867001162439
IN,1984,1980,Red,91.66666666666666,1913618,2.725010803309973
IN,1985,1980,Red,91.66666666666666,2144342,12.056951805428252
IN,1986,1980,Red,91.66666666666666,2020599,-5.770674640519096
IN,1987,1980,Red,91.66666666666666,1915024,-5.224935773995731
IN,1988,1980,Red,91.66666666666666,2248204,17.398215374846476
IN,1989,1980,Red,91.66666666666666,2142306,-4.710337673983322
IN,1990,1990,Red,91.66666666666666,2268536,5.892248819729768
IN,1991,1990,Red,91.66666666666666,2401289,5.851923883949825
IN,1992,1990,Red,91.66666666666666,2306975,-3.927640529732156
IN,1993,1990,Red,91.66666666666666,2086415,-9.560571744383878
IN,1994,1990,Red,91.66666666666666,1849791,-11.341176132265153
IN,1995,1990,Red,91.66666666666666,1842127,-0.4143170769022013
IN,1996,1990,Red,91.66666666666666,1644426,-10.732213359882353
IN,1997,1990,Red,91.66666666666666,1602042,-2.5774343144659593
IN,1998,1990,Red,91.66666666666666,2227049,39.01314697117804
IN,1999,1990,Red,91.66666666666666,1866307,-16.198206685169477
IN,2000,2000,Red,91.66666666666666,1925132,3.151946598282062
IN,2001,2000,Red,91.66666666666666,1840308,-4.406139423166827
IN,2002,2000,Red,91.66666666666666,2092871,13.723952729651776
IN,2003,2000,Red,91.66666666666666,2024435,-3.269957871268702
IN,2004,2000,Red,91.66666666666666,1864803,-7.88526181379002
IN,2005,2000,Red,91.66666666666666,2178688,16.832072878475635
IN,2006,2000,Red,91.66666666666666,1984305,-8.92202095940309
IN,2007,2000,Red,91.66666666666666,2018037,1.6999402813579565
IN,2008,2000,Red,91.66666666666666,1863553,-7.655161922204598
IN,2009,2000,Red,91.66666666666666,1966015,5.498206919792461
IN,2010,2010,Red,91.66666666666666,2165606,10.152058860181636
IN,2011,2010,Red,91.66666666666666,1846098,-14.753745602847424
IN,2012,2010,Red,91.66666666666666,1894634,2.6291128639974692
IN,2013,2010,Red,91.66666666666666,1686948,-10.961800537729188
IN,2014,2010,Red,91.66666666666666,1558625,-7.606814199370699
IN,2015,2010,Red,91.66666666666666,1645448,5.57048680728206
IN,2016,2010,Red,91.66666666666666,1703476,3.5265775642864434
IN,2017,2010,Red,91.66666666666666,2163724,27.01816755856848
IN,2018,2010,Red,91.66666666666666,1761780,-18.57649127153001
IN,2019,2010,Red,91.66666666666666,2138339,21.373781062334686
IN,2020,2020,Red,91.66666666666666,2297049,7.422115950744948
IN,2021,2020,Red,91.66666666666666,3181153,38.48868700667683
IN,2022,2020,Red,91.66666666666666,2838123,-10.783197161532312
IN,2023,2020,Red,91.66666666666666,2769835,-2.4060972692163096
IN,2024,2020,Red,91.66666666666666,2709152,-2.190852523706286
KY,1980,1980,Red,75.0,1668875,7.116633012365869
KY,1981,1980,Red,75.0,1577405,-5.4809377574713505
KY,1982,1980,Red,75.0,1699764,7.756980610559748
KY,1983,1980,Red,75.0,1671591,-1.6574653893128695
KY,1984,1980,Red,75.0,1674538,0.17629910665946394
KY,1985,1980,Red,75.0,1681027,0.38750986839355095
KY,1986,1980,Red,75.0,1819761,8.252931095098413
KY,1987,1980,Red,75.0,1809428,-0.5678218183596637
KY,1988,1980,Red,75.0,1908698,5.486264167460656
KY,1989,1980,Red,75.0,1845928,-3.2886292121645226
KY,1990,1990,Red,75.0,2097626,13.635309719555691
KY,1991,1990,Red,75.0,2331283,11.139116315301202
KY,1992,1990,Red,75.0,2565946,10.065830703522481
KY,1993,1990,Red,75.0,2569322,0.13156940948874216
KY,1994,1990,Red,75.0,2102188,-18.18121667895266
KY,1995,1990,Red,75.0,2027962,-3.530892574783987
KY,1996,1990,Red,75.0,1989082,-1.9171956870986735
KY,1997,1990,Red,75.0,2089911,5.06912233884777
KY,1998,1990,Red,75.0,2206245,5.5664571362129776
KY,1999,1990,Red,75.0,1803236,-18.266738281559842
KY,2000,2000,Red,75.0,1841521,2.123127532946325
KY,2001,2000,Red,75.0,1975833,7.293536158425562
KY,2002,2000,Red,75.0,1983560,0.39107556154796486
KY,2003,2000,Red,75.0,1961390,-1.1176873903486662
KY,2004,2000,Red,75.0,1980520,0.975328720958096
KY,2005,2000,Red,75.0,1970259,-0.5180962575485226
KY,2006,2000,Red,75.0,740552,-62.41346949817258
KY,2007,2000,Red,75.0,624927,-15.613353282416359
KY,2008,2000,Red,75.0,584118,-6.530202727678593
KY,2009,2000,Red,75.0,646033,10.599741832985801
KY,2010,2010,Red,75.0,636852,-1.4211348336694876
KY,2011,2010,Red,75.0,619412,-2.738469848567642
KY,2012,2010,Red,75.0,647062,4.463910934886634
KY,2013,2010,Red,75.0,631437,-2.414760872992078
KY,2014,2010,Red,75.0,657042,4.055036369424029
KY,2015,2010,Red,75.0,714366,8.724556421050709
KY,2016,2010,Red,75.0,732544,2.544633983140295
KY,2017,2010,Red,75.0,723870,-1.1840926961383889
KY,2018,2010,Red,75.0,676129,-6.595245002555708
KY,2019,2010,Red,75.0,660982,-2.240252969477718
KY,2020,2020,Red,75.0,374701,-43.3114668780693
KY,2021,2020,Red,75.0,657127,75.37369796184159
KY,2022,2020,Red,75.0,796497,21.208990043020602
KY,2023,2020,Red,75.0,764886,-3.968753177978072
KY,2024,2020,Red,75.0,857043,12.048462123767463
ME,1980,1980,Swing,33.33333333333333,3273095,2.8214931836009347
ME,1981,1980,Swing,33.33333333333333,3402973,3.9680485900959184
ME,1982,1980,Swing,33.33333333333333,3755161,10.349420932813748
ME,1983,1980,Swing,33.33333333333333,4307663,14.713137466010112
ME,1984,1980,Swing,33.33333333333333,3917797,-9.05052229016058
ME,1985,1980,Swing,33.33333333333333,3928594,0.27558855142315947
ME,1986,1980,Swing,33.33333333333333,4112078,4.670474984180091
ME,1987,1980,Swing,33.33333333333333,4476434,8.860629589224718
ME,1988,1980,Swing,33.33333333333333,4690959,4.792319064684077
ME,1989,1980,Swing,33.33333333333333,5629628,20.010172759983618
ME,1990,1990,Swing,33.33333333333333,2592137,-53.955447855524376
ME,1991,1990,Swing,33.33333333333333,2728433,5.258055419138726
ME,1992,1990,Swing,33.33333333333333,2634689,-3.4358182883728503
ME,1993,1990,Swing,33.33333333333333,2908610,10.39671095905437
ME,1994,1990,Swing,33.33333333333333,2963325,1.8811391008076024
ME,1995,1990,Swing,33.33333333333333,3097954,4.543173630971966
ME,1996,1990,Swing,33.33333333333333,2957407,-4.53676846073247
ME,1997,1990,Swing,33.33333333333333,3012882,1.8757986303542258
ME,1998,1990,Swing,33.33333333333333,2847073,-5.50333534469654
ME,1999,1990,Swing,33.33333333333333,2854803,0.27150691253789416
ME,2000,2000,Swing,33.33333333333333,2721814,-4.658430021265915
ME,2001,2000,Swing,33.33333333333333,2769127,1.7382892438645696
ME,2002,2000,Swing,33.33333333333333,2811148,1.5174818634176042
ME,2003,2000,Swing,33.33333333333333,2465562,-12.293411801868844
ME,2004,2000,Swing,33.33333333333333,2242347,-9.053311172057324
ME,2005,2000,Swing,33.33333333333333,2098584,-6.411273545084681
ME,2006,2000,Swing,33.33333333333333,2130688,1.5297934226125807
ME,2007,2000,Swing,33.33333333333333,2249328,5.5681545115943765
ME,2008,2000,Swing,33.33333333333333,2122957,-5.618166848054174
ME,2009,2000,Swing,33.33333333333333,2274798,7.15233516269995
ME,2010,2010,Swing,33.33333333333333,2551308,12.155365003837703
ME,2011,2010,Swing,33.33333333333333,2421745,-5.078297093098913
ME,2012,2010,Swing,33.33333333333333,2478152,2.3291882506209367
ME,2013,2010,Swing,33.33333333333333,2302022,-7.1073122229790595
ME,2014,2010,Swing,33.33333333333333,2610229,13.3885340800392
ME,2015,2010,Swing,33.33333333333333,2858284,9.503189183784258
ME,2016,2010,Swing,33.33333333333333,3350493,17.220437157399335
ME,2017,2010,Swing,33.33333333333333,3556371,6.14470765943997
ME,2018,2010,Swing,33.33333333333333,3584675,0.795867472769292
ME,2019,2010,Swing,33.33333333333333,3484386,-2.797715274048554
ME,2020,2020,Swing,33.33333333333333,2716134,-22.048418286607742
ME,2021,2020,Swing,33.33333333333333,4116198,51.5462050105039
ME,2022,2020,Swing,33.33333333333333,4017360,-2.4011964439028444
ME,2023,2020,Swing,33.33333333333333,3926990,-2.2494872254415834
ME,2024,2020,Swing,33.33333333333333,4008761,2.082281849457218
MI,1980,1980,Swing,41.66666666666667,14996,1.2559081701553005
MI,1981,1980,Swing,41.66666666666667,14564,-2.880768204854628
MI,1982,1980,Swing,41.66666666666667,13250,-9.022246635539686
MI,1983,1980,Swing,41.66666666666667,12973,-2.090566037735849
MI,1984,1980,Swing,41.66666666666667,16644,28.297232714098513
MI,1985,1980,Swing,41.66666666666667,17836,7.161739966354242
MI,1986,1980,Swing,41.66666666666667,26198,46.882709127607086
MI,1987,1980,Swing,41.66666666666667,31958,21.986411176425683
MI,1988,1980,Swing,41.66666666666667,26652,-16.603041491958194
MI,1989,1980,Swing,41.66666666666667,27448,2.986642653459403
MI,1990,1990,Swing,41.66666666666667,23619,-13.950014573010783
MI,1991,1990,Swing,41.66666666666667,22172,-6.126423641983149
MI,1992,1990,Swing,41.66666666666667,22924,3.391665163268988
MI,1993,1990,Swing,41.66666666666667,22116,-3.5246902809282847
MI,1994,1990,Swing,41.66666666666667,25041,13.225718936516548
MI,1995,1990,Swing,41.66666666666667,23574,-5.85839223673176
MI,1996,1990,Swing,41.66666666666667,23580,0.025451768897938407
MI,1997,1990,Swing,41.66666666666667,21503,-8.808312128922816
MI,1998,1990,Swing,41.66666666666667,24202,12.551736966934845
MI,1999,1990,Swing,41.66666666666667,23660,-2.239484340137179
MI,2000,2000,Swing,41.66666666666667,21242,-10.219780219780219
MI,2001,2000,Swing,41.66666666666667,19564,-7.899444496751719
MI,2002,2000,Swing,41.66666666666667,19604,0.20445716622367613
MI,2003,2000,Swing,41.66666666666667,17971,-8.329932666802693
MI,2004,2000,Swing,41.66666666666667,17390,-3.232986478214902
MI,2005,2000,Swing,41.66666666666667,17501,0.6382978723404255
MI,2006,2000,Swing,41.66666666666667,17180,-1.8341809039483459
MI,2007,2000,Swing,41.66666666666667,16039,-6.6414435389988355
MI,2008,2000,Swing,41.66666666666667,14221,-11.334871251324897
MI,2009,2000,Swing,41.66666666666667,14834,4.310526685887068
MI,2010,2010,Swing,41.66666666666667,15893,7.13900498853984
MI,2011,2010,Swing,41.66666666666667,16036,0.8997671931038823
MI,2012,2010,Swing,41.66666666666667,16704,4.1656273384884015
MI,2013,2010,Swing,41.66666666666667,16383,-1.9216954022988504
MI,2014,2010,Swing,41.66666666666667,14726,-10.114142708905574
MI,2015,2010,Swing,41.66666666666667,18826,27.841912264022817
MI,2016,2010,Swing,41.66666666666667,25039,33.00223095718687
MI,2017,2010,Swing,41.66666666666667,28329,13.139502376292983
MI,2018,2010,Swing,41.66666666666667,25956,-8.3765752409192
MI,2019,2010,Swing,41.66666666666667,26701,2.870241947911851
MI,2020,2020,Swing,41.66666666666667,6643,-75.12078199318377
MI,2021,2020,Swing,41.66666666666667,25932,290.3657985849767
MI,2022,2020,Swing,41.66666666666667,25576,-1.372821224741632
MI,2023,2020,Swing,41.66666666666667,29059,13.618235846105724
MI,2024,2020,Swing,41.66666666666667,28874,-0.6366358099039885
MN,1980,1980,Blue,0.0,272414,35.25614927062749
MN,1981,1980,Blue,0.0,261722,-3.9249084114619657
MN,1982,1980,Blue,0.0,148313,-43.33185593874416
MN,1983,1980,Blue,0.0,164206,10.715850936869998
MN,1984,1980,Blue,0.0,180731,10.063578675566056
MN,1985,1980,Blue,0.0,211855,17.22117400999275
MN,1986,1980,Blue,0.0,184849,-12.74739798447051
MN,1987,1980,Blue,0.0,218434,18.168883791635334
MN,1988,1980,Blue,0.0,240621,10.157301518994295
MN,1989,1980,Blue,0.0,231740,-3.6908665494699138
MN,1990,1990,Blue,0.0,243822,5.213601449900751
MN,1991,1990,Blue,0.0,240911,-1.1939037494565707
MN,1992,1990,Blue,0.0,244503,1.4910070523969432
MN,1993,1990,Blue,0.0,245248,0.3046997378355276
MN,1994,1990,Blue,0.0,240088,-2.103992693110647
MN,1995,1990,Blue,0.0,226104,-5.8245310052980575
MN,1996,1990,Blue,0.0,260226,15.091285426175565
MN,1997,1990,Blue,0.0,236563,-9.09324971371039
MN,1998,1990,Blue,0.0,249661,5.536791467811957
MN,1999,1990,Blue,0.0,246749,-1.1663816134678624
MN,2000,2000,Blue,0.0,229998,-6.788679994650434
MN,2001,2000,Blue,0.0,245954,6.937451630014174
MN,2002,2000,Blue,0.0,240807,-2.0926677346170424
MN,2003,2000,Blue,0.0,236811,-1.659420199578916
MN,2004,2000,Blue,0.0,251621,6.253932460907643
MN,2005,2000,Blue,0.0,237157,-5.748327842270717
MN,2006,2000,Blue,0.0,234455,-1.1393296423887973
MN,2007,2000,Blue,0.0,223226,-4.789405216352819
MN,2008,2000,Blue,0.0,224165,0.4206499242919732
MN,2009,2000,Blue,0.0,225009,0.3765083755269556
MN,2010,2010,Blue,0.0,256471,13.982551809038748
MN,2011,2010,Blue,0.0,179119,-30.160135064003335
MN,2012,2010,Blue,0.0,215614,20.374722949547508
MN,2013,2010,Blue,0.0,234140,8.592206442995352
MN,2014,2010,Blue,0.0,239160,2.144016400444179
MN,2015,2010,Blue,0.0,238313,-0.3541562134136143
MN,2016,2010,Blue,0.0,241912,1.510198772202943
MN,2017,2010,Blue,0.0,237250,-1.9271470617414597
MN,2018,2010,Blue,0.0,239656,1.0141201264488935
MN,2019,2010,Blue,0.0,232974,-2.7881630336816103
MN,2020,2020,Blue,0.0,263091,12.927193592418037
MN,2021,2020,Blue,0.0,243042,-7.620557145626418
MN,2022,2020,Blue,0.0,221434,-8.890644415368538
MN,2023,2020,Blue,0.0,220825,-0.2750255155034909
MN,2024,2020,Blue,0.0,199030,-9.869806407788975
MO,1980,1980,Red,75.0,1969801,3.7567968884564955
MO,1981,1980,Red,75.0,2325272,18.046036122430642
MO,1982,1980,Red,75.0,2990384,28.60362142579449
MO,1983,1980,Red,75.0,2963768,-0.890052916280986
MO,1984,1980,Red,75.0,1711193,-42.2629234137085
MO,1985,1980,Red,75.0,2141516,25.147543263676276
MO,1986,1980,Red,75.0,2324967,8.566408095946983
MO,1987,1980,Red,75.0,2511644,8.029232242866243
MO,1988,1980,Red,75.0,2633513,4.852160576897044
MO,1989,1980,Red,75.0,2673562,1.5207443441517092
MO,1990,1990,Red,75.0,2539592,-5.0109180187330615
MO,1991,1990,Red,75.0,2806475,10.508892767027145
MO,1992,1990,Red,75.0,2580928,-8.036665211697947
MO,1993,1990,Red,75.0,2726615,5.644752585116671
MO,1994,1990,Red,75.0,2689944,-1.344927685060047
MO,1995,1990,Red,75.0,3550646,31.997022986352132
MO,1996,1990,Red,75.0,4108059,15.69891788705492
MO,1997,1990,Red,75.0,3947104,-3.9180303885606316
MO,1998,1990,Red,75.0,3915166,-0.8091502022748831
MO,1999,1990,Red,75.0,4022095,2.731148564326519
MO,2000,2000,Red,75.0,4004642,-0.43392808971443986
MO,2001,2000,Red,75.0,3978392,-0.6554893046619399
MO,2002,2000,Red,75.0,3705449,-6.860636156517508
MO,2003,2000,Red,75.0,2983776,-19.475993327664202
MO,2004,2000,Red,75.0,3103755,4.021045815771694
MO,2005,2000,Red,75.0,3228077,4.005535230712476
MO,2006,2000,Red,75.0,2830404,-12.3191918904041
MO,2007,2000,Red,75.0,2693559,-4.834822166729555
MO,2008,2000,Red,75.0,2245851,-16.621429120357117
MO,2009,2000,Red,75.0,2630522,17.128073055603423
MO,2010,2010,Red,75.0,2718547,3.3462940055243786
MO,2011,2010,Red,75.0,2500079,-8.036204634313846
MO,2012,2010,Red,75.0,2741966,9.675174264493242
MO,2013,2010,Red,75.0,2638993,-3.7554440864693435
MO,2014,2010,Red,75.0,1990818,-24.561452038713252
MO,2015,2010,Red,75.0,1698656,-14.675475106212621
MO,2016,2010,Red,75.0,1271855,-25.12580534257672
MO,2017,2010,Red,75.0,1398188,9.93297191896875
MO,2018,2010,Red,75.0,2016180,44.199492485989005
MO,2019,2010,Red,75.0,2055309,1.940749337856739
MO,2020,2020,Red,75.0,486021,-76.35289876120817
MO,2021,2020,Red,75.0,1145081,135.60319410066643
MO,2022,2020,Red,75.0,1618774,41.367641241099975
MO,2023,2020,Red,75.0,2422836,49.67104734817831
MO,2024,2020,Red,75.0,2563052,5.787267483230396
MT,1980,1980,Red,91.66666666666666,1475538,2.026087028673052
MT,1981,1980,Red,91.66666666666666,1786843,21.097728421768874
MT,1982,1980,Red,91.66666666666666,1666430,-6.738868496001047
MT,1983,1980,Red,91.66666666666666,2206893,32.43238539872662
MT,1984,1980,Red,91.66666666666666,1954648,-11.429869957446963
MT,1985,1980,Red,91.66666666666666,1611495,-17.55574405212601
MT,1986,1980,Red,91.66666666666666,1585829,-1.5926825711528738
MT,1987,1980,Red,91.66666666666666,1668350,5.203650582755139
MT,1988,1980,Red,91.66666666666666,1825384,9.412533341325261
MT,1989,1980,Red,91.66666666666666,1829127,0.2050527450662436
MT,1990,1990,Red,91.66666666666666,1992697,8.942517386709616
MT,1991,1990,Red,91.66666666666666,2104485,5.609884493227018
MT,1992,1990,Red,91.66666666666666,2206231,4.8347220341318655
MT,1993,1990,Red,91.66666666666666,2146306,-2.7161707001669364
MT,1994,1990,Red,91.66666666666666,2157650,0.5285360055835469
MT,1995,1990,Red,91.66666666666666,1849715,-14.27177716497115
MT,1996,1990,Red,91.66666666666666,1735559,-6.171545346174951
MT,1997,1990,Red,91.66666666666666,1723267,-0.7082444330616245
MT,1998,1990,Red,91.66666666666666,1841451,6.858136318980169
MT,1999,1990,Red,91.66666666666666,1693899,-8.012811636041361
MT,2000,2000,Red,91.66666666666666,1738119,2.610545256830543
MT,2001,2000,Red,91.66666666666666,1688134,-2.875809999200285
MT,2002,2000,Red,91.66666666666666,1911334,13.221699225298467
MT,2003,2000,Red,91.66666666666666,1671851,-12.529625905257793
MT,2004,2000,Red,91.66666666666666,2043028,22.201559827999027
MT,2005,2000,Red,91.66666666666666,1937043,-5.187643047476588
MT,2006,2000,Red,91.66666666666666,1972804,1.8461644888626634
MT,2007,2000,Red,91.66666666666666,2094653,6.176437192949731
MT,2008,2000,Red,91.66666666666666,1826565,-12.798683123171237
MT,2009,2000,Red,91.66666666666666,2054334,12.469799870248254
MT,2010,2010,Red,91.66666666666666,2218493,7.990862245379768
MT,2011,2010,Red,91.66666666666666,1876478,-15.416546277134973
MT,2012,2010,Red,91.66666666666666,2181768,16.26930877953272
MT,2013,2010,Red,91.66666666666666,2198271,0.7564048973126382
MT,2014,2010,Red,91.66666666666666,2353943,7.08156546667813
MT,2015,2010,Red,91.66666666666666,2384882,1.31434788352989
MT,2016,2010,Red,91.66666666666666,2962504,24.220150095476424
MT,2017,2010,Red,91.66666666666666,3321319,12.111882380580752
MT,2018,2010,Red,91.66666666666666,2978841,-10.31150576021153
MT,2019,2010,Red,91.66666666666666,3062942,2.823279255253973
MT,2020,2020,Red,91.66666666666666,1698864,-44.53489488211007
MT,2021,2020,Red,91.66666666666666,3089642,81.86517578805602
MT,2022,2020,Red,91.66666666666666,2922293,-5.416452779966093
MT,2023,2020,Red,91.66666666666666,2936260,0.47794659878390017
MT,2024,2020,Red,91.66666666666666,3211813,9.384489111999619
ND,1980,1980,Red,100.0,603210,0.6823318122185464
ND,1981,1980,Red,100.0,710349,17.761476102849755
ND,1982,1980,Red,100.0,684490,-3.640323277712786
ND,1983,1980,Red,100.0,422594,-38.26147934958875
ND,1984,1980,Red,100.0,368615,-12.773252814758374
ND,1985,1980,Red,100.0,383683,4.087733814413412
ND,1986,1980,Red,100.0,397084,3.4927270689605745
ND,1987,1980,Red,100.0,431377,8.636207955999234
ND,1988,1980,Red,100.0,420058,-2.623922925886174
ND,1989,1980,Red,100.0,465702,10.86611848839922
ND,1990,1990,Red,100.0,467249,0.3321866773172544
ND,1991,1990,Red,100.0,475457,1.7566650757947049
ND,1992,1990,Red,100.0,482349,1.4495527460948099
ND,1993,1990,Red,100.0,481572,-0.1610866820497192
ND,1994,1990,Red,100.0,511761,6.268844534150657
ND,1995,1990,Red,100.0,467111,-8.724775823089294
ND,1996,1990,Red,100.0,442493,-5.2702676665717565
ND,1997,1990,Red,100.0,399677,-9.676085271405423
ND,1998,1990,Red,100.0,454698,13.766366340820213
ND,1999,1990,Red,100.0,437889,-3.6967393742659964
ND,2000,2000,Red,100.0,438391,0.11464092498327202
ND,2001,2000,Red,100.0,453187,3.375069287462562
ND,2002,2000,Red,100.0,478129,5.503688322921884
ND,2003,2000,Red,100.0,496873,3.9202809283687037
ND,2004,2000,Red,100.0,481167,-3.1609686982387855
ND,2005,2000,Red,100.0,499776,3.8674722081938286
ND,2006,2000,Red,100.0,441937,-11.57298469714432
ND,2007,2000,Red,100.0,463166,4.80362585617407
ND,2008,2000,Red,100.0,523382,13.000954301481544
ND,2009,2000,Red,100.0,593506,13.398244494461025
ND,2010,2010,Red,100.0,630326,6.203812598356208
ND,2011,2010,Red,100.0,569985,-9.572982869181978
ND,2012,2010,Red,100.0,647133,13.535093028763914
ND,2013,2010,Red,100.0,551668,-14.75199070361116
ND,2014,2010,Red,100.0,566158,2.6265797544900193
ND,2015,2010,Red,100.0,586611,3.6125957771505477
ND,2016,2010,Red,100.0,760458,29.635823399152077
ND,2017,2010,Red,100.0,714581,-6.032811805517201
ND,2018,2010,Red,100.0,755967,5.7916457336537075
ND,2019,2010,Red,100.0,698236,-7.636709009784819
ND,2020,2020,Red,100.0,557881,-20.101369737452664
ND,2021,2020,Red,100.0,802663,43.877099238009535
ND,2022,2020,Red,100.0,675257,-15.872913040715716
ND,2023,2020,Red,100.0,753440,11.578258352005237
ND,2024,2020,Red,100.0,739529,-1.8463314928859629
NM,1980,1980,Swing,41.66666666666667,1205393,-7.8128561049290655
NM,1981,1980,Swing,41.66666666666667,1335514,10.794902575342649
NM,1982,1980,Swing,41.66666666666667,1336329,0.0610251932963638
NM,1983,1980,Swing,41.66666666666667,1205425,-9.795791305883505
NM,1984,1980,Swing,41.66666666666667,1256500,4.237094800589004
NM,1985,1980,Swing,41.66666666666667,1220991,-2.8260246717071227
NM,1986,1980,Swing,41.66666666666667,1419746,16.27817076456747
NM,1987,1980,Swing,41.66666666666667,1349168,-4.971170899583447
NM,1988,1980,Swing,41.66666666666667,1342433,-0.49919654186876655
NM,1989,1980,Swing,41.66666666666667,1362025,1.459439688982616
NM,1990,1990,Swing,41.66666666666667,1330005,-2.350911326884602
NM,1991,1990,Swing,41.66666666666667,1270295,-4.489456806553359
NM,1992,1990,Swing,41.66666666666667,1279885,0.7549427495188126
NM,1993,1990,Swing,41.66666666666667,1301458,1.6855420604194908
NM,1994,1990,Swing,41.66666666666667,1202487,-7.604624966768041
NM,1995,1990,Swing,41.66666666666667,1195508,-0.5803804947579475
NM,1996,1990,Swing,41.66666666666667,1175179,-1.7004486795571423
NM,1997,1990,Swing,41.66666666666667,1171278,-0.33194943068247473
NM,1998,1990,Swing,41.66666666666667,1115618,-4.75207423002908
NM,1999,1990,Swing,41.66666666666667,1068790,-4.197494124332881
NM,2000,2000,Swing,41.66666666666667,985109,-7.829508135368032
NM,2001,2000,Swing,41.66666666666667,975336,-0.9920729584238902
NM,2002,2000,Swing,41.66666666666667,976021,0.07023220715732835
NM,2003,2000,Swing,41.66666666666667,950229,-2.6425660923279315
NM,2004,2000,Swing,41.66666666666667,869070,-8.540993802546543
NM,2005,2000,Swing,41.66666666666667,864986,-0.46992762378174374
NM,2006,2000,Swing,41.66666666666667,849114,-1.8349429932970014
NM,2007,2000,Swing,41.66666666666667,848033,-0.12730917167777236
NM,2008,2000,Swing,41.66666666666667,843883,-0.4893677486607243
NM,2009,2000,Swing,41.66666666666667,904169,7.143881320040811
NM,2010,2010,Swing,41.66666666666667,899445,-0.5224686977766324
NM,2011,2010,Swing,41.66666666666667,793924,-11.73179015948724
NM,2012,2010,Swing,41.66666666666667,828468,4.3510461958575375
NM,2013,2010,Swing,41.66666666666667,879122,6.114177011061381
NM,2014,2010,Swing,41.66666666666667,900969,2.4850930815063212
NM,2015,2010,Swing,41.66666666666667,943226,4.690172469863003
NM,2016,2010,Swing,41.66666666666667,1022566,8.411557781486092
NM,2017,2010,Swing,41.66666666666667,1132494,10.750210744343153
NM,2018,2010,Swing,41.66666666666667,1068920,-5.6136279750709495
NM,2019,2010,Swing,41.66666666666667,1049476,-1.819032294278337
NM,2020,2020,Swing,41.66666666666667,599218,-42.90312498808929
NM,2021,2020,Swing,41.66666666666667,1131713,88.86498736686815
NM,2022,2020,Swing,41.66666666666667,1096059,-3.1504453867720885
NM,2023,2020,Swing,41.66666666666667,1123217,2.4777863235464515
NM,2024,2020,Swing,41.66666666666667,1162710,3.516061455622556
NV,1980,1980,Swing,50.0,33983,11.248240416407503
NV,1981,1980,Swing,50.0,33967,-0.047082364711767646
NV,1982,1980,Swing,50.0,33433,-1.572114110754556
NV,1983,1980,Swing,50.0,31747,-5.042921664223971
NV,1984,1980,Swing,50.0,38923,22.603710586827102
NV,1985,1980,Swing,50.0,37388,-3.943683683169334
NV,1986,1980,Swing,50.0,41570,11.185407082486359
NV,1987,1980,Swing,50.0,65034,56.44455135915324
NV,1988,1980,Swing,50.0,75128,15.521112033705448
NV,1989,1980,Swing,50.0,72107,-4.0211372590778405
NV,1990,1990,Swing,50.0,66808,-7.348801087273079
NV,1991,1990,Swing,50.0,65402,-2.104538378637289
NV,1992,1990,Swing,50.0,70845,8.322375462524082
NV,1993,1990,Swing,50.0,94067,32.778601171571744
NV,1994,1990,Swing,50.0,89168,-5.207990049645465
NV,1995,1990,Swing,50.0,89917,0.8399874394401579
NV,1996,1990,Swing,50.0,87382,-2.819266657028148
NV,1997,1990,Swing,50.0,91467,4.674875832551327
NV,1998,1990,Swing,50.0,80477,-12.0152623350498
NV,1999,1990,Swing,50.0,90125,11.988518458690061
NV,2000,2000,Swing,50.0,81045,-10.0748959778086
NV,2001,2000,Swing,50.0,81712,0.8229995681411562
NV,2002,2000,Swing,50.0,86457,5.806980614842374
NV,2003,2000,Swing,50.0,87681,1.4157326763593463
NV,2004,2000,Swing,50.0,80549,-8.13403131807347
NV,2005,2000,Swing,50.0,78407,-2.6592508907621446
NV,2006,2000,Swing,50.0,79197,1.0075631002333976
NV,2007,2000,Swing,50.0,82051,3.603671856257182
NV,2008,2000,Swing,50.0,69925,-14.778613301483222
NV,2009,2000,Swing,50.0,85674,22.522702895959956
NV,2010,2010,Swing,50.0,89570,4.547470644536265
NV,2011,2010,Swing,50.0,92146,2.8759629340180863
NV,2012,2010,Swing,50.0,95545,3.6887113927897035
NV,2013,2010,Swing,50.0,93561,-2.076508451514993
NV,2014,2010,Swing,50.0,108221,15.668921879843097
NV,2015,2010,Swing,50.0,116818,7.943929551565778
NV,2016,2010,Swing,50.0,145483,24.538170487424882
NV,2017,2010,Swing,50.0,168776,16.010805386196324
NV,2018,2010,Swing,50.0,153910,-8.808124377873632
NV,2019,2010,Swing,50.0,132698,-13.782080436618804
NV,2020,2020,Swing,50.0,121398,-8.515576723085502
NV,2021,2020,Swing,50.0,146125,20.368539844148998
NV,2022,2020,Swing,50.0,143315,-1.9230111206159113
NV,2023,2020,Swing,50.0,144465,0.8024282175627115
NV,2024,2020,Swing,50.0,155568,7.685598587893261
OH,1980,1980,Swing,58.333333333333336,563300,3.7337139174071172
OH,1981,1980,Swing,58.333333333333336,596300,5.858334812710812
OH,1982,1980,Swing,58.333333333333336,724279,21.462183464698978
OH,1983,1980,Swing,58.333333333333336,949258,31.06247730501644
OH,1984,1980,Swing,58.333333333333336,1028524,8.350311506460836
OH,1985,1980,Swing,58.333333333333336,1014554,-1.358257075187356
OH,1986,1980,Swing,58.333333333333336,1051844,3.675506675839827
OH,1987,1980,Swing,58.333333333333336,1123093,6.773723099623139
OH,1988,1980,Swing,58.333333333333336,1239413,10.357112011204771
OH,1989,1980,Swing,58.333333333333336,1169344,-5.653402054036871
OH,1990,1990,Swing,58.333333333333336,1210318,3.50401592687866
OH,1991,1990,Swing,58.333333333333336,1368680,13.084329903380764
OH,1992,1990,Swing,58.333333333333336,1439254,5.156355028202356
OH,1993,1990,Swing,58.333333333333336,2275849,58.126988009065805
OH,1994,1990,Swing,58.333333333333336,3276097,43.950543291756176
OH,1995,1990,Swing,58.333333333333336,3204095,-2.1977981726426297
OH,1996,1990,Swing,58.333333333333336,3465574,8.160775507592627
OH,1997,1990,Swing,58.333333333333336,3537533,2.0763948482993
OH,1998,1990,Swing,58.333333333333336,3476803,-1.7167331018537495
OH,1999,1990,Swing,58.333333333333336,3333980,-4.107883017818381
OH,2000,2000,Swing,58.333333333333336,3329714,-0.12795517669572104
OH,2001,2000,Swing,58.333333333333336,3124649,-6.158637048106835
OH,2002,2000,Swing,58.333333333333336,3218791,3.012882406951949
OH,2003,2000,Swing,58.333333333333336,2880515,-10.50941176360938
OH,2004,2000,Swing,58.333333333333336,3306811,14.799298042190372
OH,2005,2000,Swing,58.333333333333336,2534403,-23.35809334128863
OH,2006,2000,Swing,58.333333333333336,2469289,-2.569204660821503
OH,2007,2000,Swing,58.333333333333336,2486952,0.7153071187698159
OH,2008,2000,Swing,58.333333333333336,2828437,13.731065175363256
OH,2009,2000,Swing,58.333333333333336,2589480,-8.44837625868987
OH,2010,2010,Swing,58.333333333333336,2492856,-3.7314055331572358
OH,2011,2010,Swing,58.333333333333336,2161377,-13.297157958582446
OH,2012,2010,Swing,58.333333333333336,2299881,6.408137034862498
OH,2013,2010,Swing,58.333333333333336,2103010,-8.560051585277673
OH,2014,2010,Swing,58.333333333333336,2189849,4.129271853200888
OH,2015,2010,Swing,58.333333333333336,2284612,4.327375997157795
OH,2016,2010,Swing,58.333333333333336,2423390,6.074466911668152
OH,2017,2010,Swing,58.333333333333336,2226879,-8.108930052529722
OH,2018,2010,Swing,58.333333333333336,2096053,-5.874858939349646
OH,2019,2010,Swing,58.333333333333336,2237997,6.771966166886047
OH,2020,2020,Swing,58.333333333333336,2755628,23.129208841656176
OH,2021,2020,Swing,58.333333333333336,2575275,-6.544896480947355
OH,2022,2020,Swing,58.333333333333336,2913312,13.126248653056468
OH,2023,2020,Swing,58.333333333333336,2860059,-1.8279195637130523
OH,2024,2020,Swing,58.333333333333336,2912454,1.831955214909902
OR,1980,1980,Blue,25.0,484256,8.481015777435779
OR,1981,1980,Blue,25.0,536719,10.83373257120201
OR,1982,1980,Blue,25.0,484283,-9.76973052938316
OR,1983,1980,Blue,25.0,429586,-11.294429083820825
OR,1984,1980,Blue,25.0,499945,16.378327040452902
OR,1985,1980,Blue,25.0,427927,-14.405184570302735
OR,1986,1980,Blue,25.0,427716,-0.04930747534042021
OR,1987,1980,Blue,25.0,492581,15.165436878676505
OR,1988,1980,Blue,25.0,468994,-4.78845103647928
OR,1989,1980,Blue,25.0,454737,-3.0399109583491475
OR,1990,1990,Blue,25.0,454253,-0.10643514822853649
OR,1991,1990,Blue,25.0,525441,15.671443006430339
OR,1992,1990,Blue,25.0,511500,-2.6531998835264092
OR,1993,1990,Blue,25.0,419914,-17.905376344086022
OR,1994,1990,Blue,25.0,500080,19.09105197730964
OR,1995,1990,Blue,25.0,542611,8.504839225723885
OR,1996,1990,Blue,25.0,526557,-2.9586573069841933
OR,1997,1990,Blue,25.0,501148,-4.825498474049343
OR,1998,1990,Blue,25.0,521465,4.054091805215226
OR,1999,1990,Blue,25.0,467592,-10.331086458343322
OR,2000,2000,Blue,25.0,476483,1.90144399390922
OR,2001,2000,Blue,25.0,506973,6.398969113273716
OR,2002,2000,Blue,25.0,506220,-0.1485286198673302
OR,2003,2000,Blue,25.0,528783,4.457153016475051
OR,2004,2000,Blue,25.0,466666,-11.747162824826063
OR,2005,2000,Blue,25.0,496840,6.465866379809114
OR,2006,2000,Blue,25.0,438572,-11.727719185250784
OR,2007,2000,Blue,25.0,518558,18.23782640022619
OR,2008,2000,Blue,25.0,465286,-10.273103490834199
OR,2009,2000,Blue,25.0,496116,6.626032160864501
OR,2010,2010,Blue,25.0,497919,0.3634230704109523
OR,2011,2010,Blue,25.0,473151,-4.97430304929115
OR,2012,2010,Blue,25.0,496851,5.008971765884464
OR,2013,2010,Blue,25.0,572627,15.251252387536706
OR,2014,2010,Blue,25.0,585108,2.179603825876181
OR,2015,2010,Blue,25.0,664312,13.536646225995884
OR,2016,2010,Blue,25.0,805944,21.320102602391646
OR,2017,2010,Blue,25.0,761349,-5.5332628569726925
OR,2018,2010,Blue,25.0,770259,1.170291154253831
OR,2019,2010,Blue,25.0,754112,-2.096307865276485
OR,2020,2020,Blue,25.0,720100,-4.510205380633116
OR,2021,2020,Blue,25.0,697351,-3.1591445632551034
OR,2022,2020,Blue,25.0,576859,-17.27852975044131
OR,2023,2020,Blue,25.0,609576,5.671576589773237
OR,2024,2020,Blue,25.0,554542,-9.02824258172894
SC,1986,1980,Red,91.66666666666666,16524,33.032767087996135
SC,1987,1980,Red,91.66666666666666,20312,22.924231420963448
SC,1988,1980,Red,91.66666666666666,26257,29.2684127609295
SC,1989,1980,Red,91.66666666666666,25445,-3.0925086643561714
SC,1990,1990,Red,91.66666666666666,23223,-8.73256042444488
SC,1991,1990,Red,91.66666666666666,30975,33.38070016793696
SC,1992,1990,Red,91.66666666666666,40018,29.194511702986283
SC,1993,1990,Red,91.66666666666666,54669,36.61102503873257
SC,1994,1990,Red,91.66666666666666,67756,23.93861237630101
SC,1995,1990,Red,91.66666666666666,67949,0.28484562252789425
SC,1996,1990,Red,91.66666666666666,62614,-7.851476842926313
SC,1997,1990,Red,91.66666666666666,70716,12.93959817293257
SC,1998,1990,Red,91.66666666666666,93725,32.537191017591496
SC,1999,1990,Red,91.66666666666666,82223,-12.272072552680715
SC,2000,2000,Red,91.66666666666666,95619,16.292278316286197
SC,2001,2000,Red,91.66666666666666,119738,25.224066346646584
SC,2002,2000,Red,91.66666666666666,101620,-15.131370158178688
SC,2003,2000,Red,91.66666666666666,107114,5.406416059830741
SC,2004,2000,Red,91.66666666666666,126247,17.862277573426443
SC,2005,2000,Red,91.66666666666666,84301,-33.22534396856955
SC,2006,2000,Red,91.66666666666666,134045,59.00760370576862
SC,2007,2000,Red,91.66666666666666,115524,-13.817001753142602
SC,2008,2000,Red,91.66666666666666,104913,-9.185104393892178
SC,2009,2000,Red,91.66666666666666,122970,17.21140373452289
SC,2010,2010,Red,91.66666666666666,121208,-1.432869805643653
SC,2011,2010,Red,91.66666666666666,120166,-0.8596792290937892
SC,2012,2010,Red,91.66666666666666,109685,-8.722101093487343
SC,2013,2010,Red,91.66666666666666,120340,9.714181519806719
SC,2014,2010,Red,91.66666666666666,120122,-0.18115339870367292
SC,2015,2010,Red,91.66666666666666,87513,-27.14656765621618
SC,2016,2010,Red,91.66666666666666,143843,64.36757967387703
SC,2017,2010,Red,91.66666666666666,159595,10.950828333669348
SC,2018,2010,Red,91.66666666666666,145929,-8.562924903662395
SC,2019,2010,Red,91.66666666666666,159445,9.262038388531408
SC,2020,2020,Red,91.66666666666666,119306,-25.174197999310106
SC,2021,2020,Red,91.66666666666666,215181,80.36058538547935
SC,2022,2020,Red,91.66666666666666,204522,-4.953504259205041
SC,2023,2020,Red,91.66666666666666,250114,22.29197836907521
SC,2024,2020,Red,91.66666666666666,242049,-3.22452961449579
SD,1980,1980,Red,100.0,1934416,6.181870078686131
SD,1981,1980,Red,100.0,2211442,14.320911324141239
SD,1982,1980,Red,100.0,1986359,-10.17811002956442
SD,1983,1980,Red,100.0,2054125,3.411568603661272
SD,1984,1980,Red,100.0,2163410,5.320270188036268
SD,1985,1980,Red,100.0,1926053,-10.971429363828399
SD,1986,1980,Red,100.0,2020705,4.914298827706195
SD,1987,1980,Red,100.0,2336268,15.616480386795697
SD,1988,1980,Red,100.0,2309671,-1.1384395968270764
SD,1989,1980,Red,100.0,2376981,2.9142678762473095
SD,1990,1990,Red,100.0,2508131,5.5175030847953765
SD,1991,1990,Red,100.0,2711629,8.113531549986822
SD,1992,1990,Red,100.0,2529158,-6.72920226181384
SD,1993,1990,Red,100.0,1939129,-23.329068409328322
SD,1994,1990,Red,100.0,2329347,20.12336466526982
SD,1995,1990,Red,100.0,2189366,-6.009452434523496
SD,1996,1990,Red,100.0,2102639,-3.961283768908442
SD,1997,1990,Red,100.0,2120255,0.8378043021174819
SD,1998,1990,Red,100.0,2195861,3.5658918384816918
SD,1999,1990,Red,100.0,1985382,-9.58526063352826
SD,2000,2000,Red,100.0,2005860,1.0314387860875136
SD,2001,2000,Red,100.0,1848359,-7.85204351250835
SD,2002,2000,Red,100.0,2030358,9.846517911293207
SD,2003,2000,Red,100.0,2091425,3.007696179688508
SD,2004,2000,Red,100.0,1783262,-14.73459483366604
SD,2005,2000,Red,100.0,1782354,-0.050917924567449986
SD,2006,2000,Red,100.0,1687308,-5.332610693498598
SD,2007,2000,Red,100.0,1746506,3.5084288108632213
SD,2008,2000,Red,100.0,1665552,-4.635197359757138
SD,2009,2000,Red,100.0,1771228,6.3448034045169415
SD,2010,2010,Red,100.0,1801194,1.6918205900087395
SD,2011,2010,Red,100.0,1648339,-8.486315188702605
SD,2012,2010,Red,100.0,1656016,0.4657415737903429
SD,2013,2010,Red,100.0,1677706,1.3097699539134886
SD,2014,2010,Red,100.0,1688495,0.6430804920528388
SD,2015,2010,Red,100.0,1913827,13.345138718207636
SD,2016,2010,Red,100.0,1933979,1.0529687375086672
SD,2017,2010,Red,100.0,1994435,3.12599050972115
SD,2018,2010,Red,100.0,2032029,1.8849448590703632
SD,2019,2010,Red,100.0,1883017,-7.333163060172862
SD,2020,2020,Red,100.0,1612625,-14.359509234382909
SD,2021,2020,Red,100.0,2265686,40.49676769242694
SD,2022,2020,Red,100.0,1914425,-15.503516374290172
SD,2023,2020,Red,100.0,1931735,0.904187941549029
SD,2024,2020,Red,100.0,1847033,-4.384762920379866
TN,1980,1980,Red,75.0,11900791,6.381119982865734
TN,1981,1980,Red,75.0,12006847,0.8911676543181037
TN,1982,1980,Red,75.0,12929460,7.684057271655082
TN,1983,1980,Red,75.0,13015248,0.6635079887327081
TN,1984,1980,Red,75.0,13530150,3.9561443623663566
TN,1985,1980,Red,75.0,14434643,6.685018274002876
TN,1986,1980,Red,75.0,15869637,9.941319643305345
TN,1987,1980,Red,75.0,16526510,4.139181003320996
TN,1988,1980,Red,75.0,17897621,8.296434032351659
TN,1989,1980,Red,75.0,17706939,-1.0654041674030308
TN,1990,1990,Red,75.0,17544231,-0.9188939996913075
TN,1991,1990,Red,75.0,17921497,2.1503706831037506
TN,1992,1990,Red,75.0,18593660,3.7505962811030793
TN,1993,1990,Red,75.0,19570352,5.252822736352068
TN,1994,1990,Red,75.0,20008812,2.2404298093360815
TN,1995,1990,Red,75.0,20651046,3.209755781602626
TN,1996,1990,Red,75.0,20143635,-2.4570716660066516
TN,1997,1990,Red,75.0,21801417,8.229805593677606
TN,1998,1990,Red,75.0,21259835,-2.484159630541446
TN,1999,1990,Red,75.0,21295505,0.16778117045593252
TN,2000,2000,Red,75.0,21110495,-0.8687748893487147
TN,2001,2000,Red,75.0,20356644,-3.5709773740502055
TN,2002,2000,Red,75.0,20475367,0.5832149935912815
TN,2003,2000,Red,75.0,20634460,0.7769970618841655
TN,2004,2000,Red,75.0,20413816,-1.0692986392665473
TN,2005,2000,Red,75.0,20439247,0.12457739405508504
TN,2006,2000,Red,75.0,20971356,2.6033689010167547
TN,2007,2000,Red,75.0,21043857,0.3457144116002799
TN,2008,2000,Red,75.0,20273230,-3.6620045460297512
TN,2009,2000,Red,75.0,21235293,4.745484562647392
TN,2010,2010,Red,75.0,21034824,-0.9440368917914154
TN,2011,2010,Red,75.0,20296323,-3.5108494371048695
TN,2012,2010,Red,75.0,20776023,2.363482291841729
TN,2013,2010,Red,75.0,20283571,-2.37029002133854
TN,2014,2010,Red,75.0,21334056,5.178994369383971
TN,2015,2010,Red,75.0,21947454,2.875205727405984
TN,2016,2010,Red,75.0,22528017,2.6452407646007594
TN,2017,2010,Red,75.0,21735161,-3.519422060095214
TN,2018,2010,Red,75.0,21965577,1.0601071692084545
TN,2019,2010,Red,75.0,23092110,5.1286292183446855
TN,2020,2020,Red,75.0,22640087,-1.9574781169845457
TN,2021,2020,Red,75.0,24303231,7.346014173885463
TN,2022,2020,Red,75.0,23769633,-2.1955846117744593
TN,2023,2020,Red,75.0,24129647,1.514596375972654
TN,2024,2020,Red,75.0,23023834,-4.582798082375594
TX,1980,1980,Red,91.66666666666666,323475,-28.302601919023335
TX,1981,1980,Red,91.66666666666666,344244,6.420588917226988
TX,1982,1980,Red,91.66666666666666,357658,3.896654698411592
TX,1983,1980,Red,91.66666666666666,341442,-4.533940244591202
TX,1984,1980,Red,91.66666666666666,353867,3.6389782159195407
TX,1985,1980,Red,91.66666666666666,374317,5.779007367174673
TX,1986,1980,Red,91.66666666666666,405026,8.204008901546016
TX,1987,1980,Red,91.66666666666666,430947,6.3998360599072655
TX,1988,1980,Red,91.66666666666666,420869,-2.3385706362963425
TX,1989,1980,Red,91.66666666666666,452964,7.625888340552524
TX,1990,1990,Red,91.66666666666666,452632,-0.07329500799180509
TX,1991,1990,Red,91.66666666666666,499232,10.295339260149525
TX,1992,1990,Red,91.66666666666666,472019,-5.450972694058073
TX,1993,1990,Red,91.66666666666666,531325,12.56432474116508
TX,1994,1990,Red,91.66666666666666,536301,0.9365266080082812
TX,1995,1990,Red,91.66666666666666,506796,-5.501574675415485
TX,1996,1990,Red,91.66666666666666,505303,-0.29459585316379766
TX,1997,1990,Red,91.66666666666666,540226,6.911298765295277
TX,1998,1990,Red,91.66666666666666,568730,5.276310284954815
TX,1999,1990,Red,91.66666666666666,549604,-3.3629314437430766
TX,2000,2000,Red,91.66666666666666,463446,-15.676377901179759
TX,2001,2000,Red,91.66666666666666,553598,19.452536002036915
TX,2002,2000,Red,91.66666666666666,533022,-3.7167764334408724
TX,2003,2000,Red,91.66666666666666,496105,-6.925980541140891
TX,2004,2000,Red,91.66666666666666,542438,9.339353564265629
TX,2005,2000,Red,91.66666666666666,571330,5.3263230083438105
TX,2006,2000,Red,91.66666666666666,475238,-16.819001277720407
TX,2007,2000,Red,91.66666666666666,532330,12.013349100871563
TX,2008,2000,Red,91.66666666666666,528585,-0.7035109800311836
TX,2009,2000,Red,91.66666666666666,565151,6.917714274903752
TX,2010,2010,Red,91.66666666666666,566904,0.3101825883701878
TX,2011,2010,Red,91.66666666666666,516772,-8.843119822756588
TX,2012,2010,Red,91.66666666666666,453779,-12.18970842073487
TX,2013,2010,Red,91.66666666666666,464987,2.4699247871761365
TX,2014,2010,Red,91.66666666666666,483334,3.9457017077896803
TX,2015,2010,Red,91.66666666666666,553646,14.547290279599615
TX,2016,2010,Red,91.66666666666666,572493,3.4041607814379584
TX,2017,2010,Red,91.66666666666666,667897,16.664657908480976
TX,2018,2010,Red,91.66666666666666,614802,-7.949579051859793
TX,2019,2010,Red,91.66666666666666,656469,6.777303912479139
TX,2020,2020,Red,91.66666666666666,548967,-16.375792307024398
TX,2021,2020,Red,91.66666666666666,828315,50.88611883774434
TX,2022,2020,Red,91.66666666666666,738234,-10.875210517737816
TX,2023,2020,Red,91.66666666666666,740609,0.3217137113706494
TX,2024,2020,Red,91.66666666666666,791732,6.902832668790144
UT,1980,1980,Red,100.0,2532040,6.988223453121349
UT,1981,1980,Red,100.0,2735570,8.038182651142952
UT,1982,1980,Red,100.0,2827729,3.3689139740529397
UT,1983,1980,Red,100.0,2850884,0.8188549892864556
UT,1984,1980,Red,100.0,3114151,9.234574258370385
UT,1985,1980,Red,100.0,3273076,5.103317083853673
UT,1986,1980,Red,100.0,3716687,13.553336372268776
UT,1987,1980,Red,100.0,4120848,10.87422750422621
UT,1988,1980,Red,100.0,4536098,10.076809433398175
UT,1989,1980,Red,100.0,4775713,5.282403510682529
UT,1990,1990,Red,100.0,5068688,6.1346860667716
UT,1991,1990,Red,100.0,5545443,9.40588570454524
UT,1992,1990,Red,100.0,6091238,9.842225409223392
UT,1993,1990,Red,100.0,5884287,-3.3975195190206
UT,1994,1990,Red,100.0,5667587,-3.682689168628247
UT,1995,1990,Red,100.0,5935055,4.719257066543487
UT,1996,1990,Red,100.0,6300735,6.161358235096389
UT,1997,1990,Red,100.0,6126452,-2.7660741167498712
UT,1998,1990,Red,100.0,6069872,-0.9235361674261058
UT,1999,1990,Red,100.0,6146368,1.260257217944629
UT,2000,2000,Red,100.0,5965698,-2.9394595312223415
UT,2001,2000,Red,100.0,5533112,-7.251221902282012
UT,2002,2000,Red,100.0,5726596,3.496838668727472
UT,2003,2000,Red,100.0,5642177,-1.4741567241691225
UT,2004,2000,Red,100.0,5944432,5.357063417188082
UT,2005,2000,Red,100.0,5902900,-0.6986706215160674
UT,2006,2000,Red,100.0,5778227,-2.112063561978011
UT,2007,2000,Red,100.0,6055301,4.795138716426337
UT,2008,2000,Red,100.0,6255398,3.3044930384137796
UT,2009,2000,Red,100.0,6516825,4.179222489120597
UT,2010,2010,Red,100.0,6631287,1.7564074530158476
UT,2011,2010,Red,100.0,6697240,0.9945731499782772
UT,2012,2010,Red,100.0,7039237,5.106536423959721
UT,2013,2010,Red,100.0,6915052,-1.7641826805945018
UT,2014,2010,Red,100.0,7742885,11.971464567439263
UT,2015,2010,Red,100.0,8857953,14.401195420053378
UT,2016,2010,Red,100.0,10586613,19.515344007808576
UT,2017,2010,Red,100.0,11003570,3.9385306707631607
UT,2018,2010,Red,100.0,11127432,1.1256528563002735
UT,2019,2010,Red,100.0,11198326,0.637110161625791
UT,2020,2020,Red,100.0,8270160,-26.148247514851775
UT,2021,2020,Red,100.0,11790562,42.567519854513094
UT,2022,2020,Red,100.0,11014364,-6.583214608430031
UT,2023,2020,Red,100.0,11153918,1.26701823182891
UT,2024,2020,Red,100.0,11689024,4.797471166634002
VA,1980,1980,Swing,66.66666666666666,1769724,8.857725982671084
VA,1981,1980,Swing,66.66666666666666,1894280,7.038159622630421
VA,1982,1980,Swing,66.66666666666666,1821058,-3.865426441708723
VA,1983,1980,Swing,66.66666666666666,1838862,0.9776734184194024
VA,1984,1980,Swing,66.66666666666666,1944153,5.725878287767109
VA,1985,1980,Swing,66.66666666666666,1960966,0.8647981923233409
VA,1986,1980,Swing,66.66666666666666,1866685,-4.807885501329447
VA,1987,1980,Swing,66.66666666666666,1788989,-4.16224483509537
VA,1988,1980,Swing,66.66666666666666,1960821,9.604978007131402
VA,1989,1980,Swing,66.66666666666666,1900000,-3.1018129650794233
VA,1990,1990,Swing,66.66666666666666,1813858,-4.533789473684211
VA,1991,1990,Swing,66.66666666666666,1984206,9.39147386399597
VA,1992,1990,Swing,66.66666666666666,1850672,-6.729845590629199
VA,1993,1990,Swing,66.66666666666666,1981539,7.071323281489102
VA,1994,1990,Swing,66.66666666666666,1956209,-1.278299342077042
VA,1995,1990,Swing,66.66666666666666,1792721,-8.357389215569503
VA,1996,1990,Swing,66.66666666666666,1581981,-11.755314965351552
VA,1997,1990,Swing,66.66666666666666,1598752,1.060126512265318
VA,1998,1990,Swing,66.66666666666666,1484062,-7.1737205019915535
VA,1999,1990,Swing,66.66666666666666,1350248,-9.016739192836958
VA,2000,2000,Swing,66.66666666666666,1430541,5.946537228716502
VA,2001,2000,Swing,66.66666666666666,1509523,5.521128020797726
VA,2002,2000,Swing,66.66666666666666,1400206,-7.2418240729025
VA,2003,2000,Swing,66.66666666666666,1174912,-16.09006103387644
VA,2004,2000,Swing,66.66666666666666,1271962,8.260193103823946
VA,2005,2000,Swing,66.66666666666666,1105874,-13.057622790617959
VA,2006,2000,Swing,66.66666666666666,1087112,-1.6965766443555055
VA,2007,2000,Swing,66.66666666666666,1118189,2.858675095114395
VA,2008,2000,Swing,66.66666666666666,1086840,-2.803551099143347
VA,2009,2000,Swing,66.66666666666666,1131943,4.149920871517427
VA,2010,2010,Swing,66.66666666666666,1264348,11.697143760772406
VA,2011,2010,Swing,66.66666666666666,1220845,-3.4407457440514793
VA,2012,2010,Swing,66.66666666666666,1221162,0.02596562217152874
VA,2013,2010,Swing,66.66666666666666,1147467,-6.0348258462022235
VA,2014,2010,Swing,66.66666666666666,1266283,10.354633292286401
VA,2015,2010,Swing,66.66666666666666,1332835,5.2556971861740225
VA,2016,2010,Swing,66.66666666666666,1448303,8.663337922548553
VA,2017,2010,Swing,66.66666666666666,1469836,1.4867745216297972
VA,2018,2010,Swing,66.66666666666666,1275842,-13.198343216522115
VA,2019,2010,Swing,66.66666666666666,1436469,12.589881819222128
VA,2020,2020,Swing,66.66666666666666,1677227,16.76040346154355
VA,2021,2020,Swing,66.66666666666666,1603274,-4.4092421598269045
VA,2022,2020,Swing,66.66666666666666,1460262,-8.919997455207282
VA,2023,2020,Swing,66.66666666666666,1586970,8.677073018403547
VA,2024,2020,Swing,66.66666666666666,1731173,9.086687208957951
WA,1980,1980,Blue,25.0,5302555,-0.6281025870907639
WA,1981,1980,Blue,25.0,5585209,5.330524624449912
WA,1982,1980,Blue,25.0,5369646,-3.8595332779847626
WA,1983,1980,Blue,25.0,5351346,-0.34080458935281766
WA,1984,1980,Blue,25.0,5570596,4.097100056696016
WA,1985,1980,Blue,25.0,5253651,-5.6896066417309745
WA,1986,1980,Blue,25.0,5990996,14.03490639176451
WA,1987,1980,Blue,25.0,5843046,-2.4695392886257976
WA,1988,1980,Blue,25.0,5928026,1.4543784183797288
WA,1989,1980,Blue,25.0,5767153,-2.7137701487813986
WA,1990,1990,Blue,25.0,5907655,2.436245405662031
WA,1991,1990,Blue,25.0,5626569,-4.757996193074917
WA,1992,1990,Blue,25.0,6073429,7.941962499704528
WA,1993,1990,Blue,25.0,5747207,-5.371298487230196
WA,1994,1990,Blue,25.0,6486967,12.871643565300502
WA,1995,1990,Blue,25.0,6931863,6.858305275793756
WA,1996,1990,Blue,25.0,6229222,-10.136394790260569
WA,1997,1990,Blue,25.0,6829963,9.643917009218809
WA,1998,1990,Blue,25.0,6555883,-4.012906072844025
WA,1999,1990,Blue,25.0,6028829,-8.039405218183424
WA,2000,2000,Blue,25.0,6176028,2.441585256440347
WA,2001,2000,Blue,25.0,6254123,1.2644858475382559
WA,2002,2000,Blue,25.0,6409432,2.483305812821398
WA,2003,2000,Blue,25.0,6004507,-6.317642499366559
WA,2004,2000,Blue,25.0,5839949,-2.740574704967452
WA,2005,2000,Blue,25.0,5737953,-1.746522101477256
WA,2006,2000,Blue,25.0,5133754,-10.529870147071613
WA,2007,2000,Blue,25.0,5444881,6.0604189448890615
WA,2008,2000,Blue,25.0,5651498,3.7947018493149804
WA,2009,2000,Blue,25.0,5794088,2.5230478715554705
WA,2010,2010,Blue,25.0,5485819,-5.320405903396703
WA,2011,2010,Blue,25.0,5397368,-1.6123572432849134
WA,2012,2010,Blue,25.0,5204611,-3.5713147593419605
WA,2013,2010,Blue,25.0,5742098,10.327131076654911
WA,2014,2010,Blue,25.0,6010877,4.680850100433674
WA,2015,2010,Blue,25.0,5962574,-0.803593219425385
WA,2016,2010,Blue,25.0,6138160,2.9448020267756845
WA,2017,2010,Blue,25.0,6256643,1.9302690056955178
WA,2018,2010,Blue,25.0,6119010,-2.1997898873245605
WA,2019,2010,Blue,25.0,6251052,2.1578980913579158
WA,2020,2020,Blue,25.0,4753207,-23.961486802541394
WA,2021,2020,Blue,25.0,5820884,22.462244964294634
WA,2022,2020,Blue,25.0,5457189,-6.24810595778923
WA,2023,2020,Blue,25.0,6556332,20.14119357053604
WA,2024,2020,Blue,25.0,7310958,11.50988082970783
WV,1985,1980,Swing,58.333333333333336,263021,13.716682159147409
WV,1986,1980,Swing,58.333333333333336,395159,50.23857410625007
WV,1987,1980,Swing,58.333333333333336,437871,10.808813667409828
WV,1988,1980,Swing,58.333333333333336,400802,-8.465735342144146
WV,1989,1980,Swing,58.333333333333336,412275,2.8625106661144404
WV,1990,1990,Swing,58.333333333333336,379115,-8.043175065187071
WV,1991,1990,Swing,58.333333333333336,773702,104.08108357622356
WV,1992,1990,Swing,58.333333333333336,942110,21.766519926276526
WV,1993,1990,Swing,58.333333333333336,1007998,6.993663160352826
WV,1994,1990,Swing,58.333333333333336,1082394,7.380570199544047
WV,1995,1990,Swing,58.333333333333336,1179638,8.984159187874285
WV,1996,1990,Swing,58.333333333333336,1240037,5.120130073802303
WV,1997,1990,Swing,58.333333333333336,1230642,-0.7576386833618675
WV,1998,1990,Swing,58.333333333333336,1200049,-2.4859382338649256
WV,1999,1990,Swing,58.333333333333336,1188901,-0.9289620673822486
WV,2000,2000,Swing,58.333333333333336,1134931,-4.539486466913561
WV,2001,2000,Swing,58.333333333333336,1233929,8.722821034935164
WV,2002,2000,Swing,58.333333333333336,1218275,-1.268630528985055
WV,2003,2000,Swing,58.333333333333336,1113564,-8.59502164946338
WV,2004,2000,Swing,58.333333333333336,1154182,3.647567629700673
WV,2005,2000,Swing,58.333333333333336,1048214,-9.181220985945023
WV,2006,2000,Swing,58.333333333333336,1127088,7.524608524595168
WV,2007,2000,Swing,58.333333333333336,1180412,4.73113013358318
WV,2008,2000,Swing,58.333333333333336,1215254,2.9516812773845063
WV,2009,2000,Swing,58.333333333333336,1146718,-5.639644057950025
WV,2010,2010,Swing,58.333333333333336,1153613,0.6012812217127489
WV,2011,2010,Swing,58.333333333333336,1073488,-6.94557013487192
WV,2012,2010,Swing,58.333333333333336,1130595,5.319761376000478
WV,2013,2010,Swing,58.333333333333336,1074223,-4.986047169853042
WV,2014,2010,Swing,58.333333333333336,1127199,4.931564488937585
WV,2015,2010,Swing,58.333333333333336,1181153,4.7865549916208225
WV,2016,2010,Swing,58.333333333333336,1200331,1.623667721285896
WV,2017,2010,Swing,58.333333333333336,1171058,-2.438743979785576
WV,2018,2010,Swing,58.333333333333336,1235027,5.462496306758504
WV,2019,2010,Swing,58.333333333333336,1198121,-2.9882747502686176
WV,2020,2020,Swing,58.333333333333336,1056774,-11.797389412254688
WV,2021,2020,Swing,58.333333333333336,1685120,59.458881463775604
WV,2022,2020,Swing,58.333333333333336,1595923,-5.293213539688568
WV,2023,2020,Swing,58.333333333333336,1709623,7.12440387161536
WV,2024,2020,Swing,58.333333333333336,1814337,6.124976091220112
WY,1980,1980,Red,100.0,5507882,2.7298793494903215
WY,1981,1980,Red,100.0,6147761,11.61751468168708
WY,1982,1980,Red,100.0,5851132,-4.824992383405926
WY,1983,1980,Red,100.0,4976857,-14.941980457798593
WY,1984,1980,Red,100.0,4502482,-9.531618047293703
WY,1985,1980,Red,100.0,4392665,-2.4390325158434836
WY,1986,1980,Red,100.0,4585424,4.388201695326186
WY,1987,1980,Red,100.0,5047069,10.067662227091759
WY,1988,1980,Red,100.0,4295826,-14.884738052917445
WY,1989,1980,Red,100.0,5118507,19.150705824677257
WY,1990,1990,Red,100.0,5537873,8.19313131739392
WY,1991,1990,Red,100.0,5820014,5.094753888361109
WY,1992,1990,Red,100.0,6199055,6.512716292435035
WY,1993,1990,Red,100.0,7354670,18.641792982962727
WY,1994,1990,Red,100.0,7753825,5.427231949224098
WY,1995,1990,Red,100.0,7958321,2.6373564015179607
WY,1996,1990,Red,100.0,7996895,0.4847002275982584
WY,1997,1990,Red,100.0,7915411,-1.0189454782137317
WY,1998,1990,Red,100.0,8209210,3.71173398323852
WY,1999,1990,Red,100.0,8283967,0.910647918618235
WY,2000,2000,Red,100.0,7736802,-6.605108397945091
WY,2001,2000,Red,100.0,7721299,-0.20037995026885783
WY,2002,2000,Red,100.0,7902696,2.349306768200532
WY,2003,2000,Red,100.0,8024396,1.5399807863038133
WY,2004,2000,Red,100.0,7806493,-2.7155065627369335
WY,2005,2000,Red,100.0,7682983,-1.5821445045809943
WY,2006,2000,Red,100.0,7689500,0.08482382428804021
WY,2007,2000,Red,100.0,8121030,5.611938357500488
WY,2008,2000,Red,100.0,7777146,-4.234487497275592
WY,2009,2000,Red,100.0,7998013,2.8399492564496023
WY,2010,2010,Red,100.0,8554873,6.9624793057975785
WY,2011,2010,Red,100.0,8236421,-3.7224632089804253
WY,2012,2010,Red,100.0,8376192,1.6969870772754332
WY,2013,2010,Red,100.0,8354906,-0.25412502483228655
WY,2014,2010,Red,100.0,8867550,6.1358440178740485
WY,2015,2010,Red,100.0,9901714,11.662341909546607
WY,2016,2010,Red,100.0,10279005,3.810360509301723
WY,2017,2010,Red,100.0,10333419,0.5293703038377742
WY,2018,2010,Red,100.0,10453463,1.1617064981106449
WY,2019,2010,Red,100.0,10223517,-2.1997112344492917
WY,2020,2020,Red,100.0,9438418,-7.679343615313596
WY,2021,2020,Red,100.0,11662711,23.566375212456155
WY,2022,2020,Red,100.0,8969862,-23.089391480248462
WY,2023,2020,Red,100.0,10796194,20.360759173329534
WY,2024,2020,Red,100.0,11146774,3.2472554679917756
