year,state,state_po,Winner,PreviousWinner,Flipped,FlipType,TotalVisits,VisitChangeFromPrevYear,VisitChangeToNextYear,VisitChange2YearsAfter
1980,ALASKA,AK,REPUBLICAN,REPUBLICAN,False,No Flip,656618,,28.68441011364294,184.54047863445717
1984,ALASKA,AK,REPUBLICAN,REPUBLICAN,False,No Flip,844965,28.68441011364294,121.114957424272,109.90123851283782
1988,ALASKA,AK,REPUBLICAN,REPUBLICAN,False,No Flip,1868344,121.114957424272,-5.071442946266854,-3.784153239446269
1992,ALASKA,AK,REPUBLICAN,REPUBLICAN,False,No Flip,1773592,-5.071442946266854,1.3560615970302077,9.96880906093397
1996,ALASKA,AK,REPUBLICAN,REPUBLICAN,False,No Flip,1797643,1.3560615970302077,8.497515913893917,6.7378784330370385
2000,ALASKA,AK,REPUBLICAN,REPUBLICAN,False,No Flip,1950398,8.497515913893917,-1.6218228279561404,1.1891931800586342
2004,ALASKA,AK,REPUBLICAN,REPUBLICAN,False,No Flip,1918766,-1.6218228279561404,2.8573572806689302,14.812749444174017
2008,ALASKA,AK,REPUBLICAN,REPUBLICAN,False,No Flip,1973592,2.8573572806689302,11.623273706014212,23.213257856740398
2012,ALASKA,AK,REPUBLICAN,REPUBLICAN,False,No Flip,2202988,11.623273706014212,10.383125100999187,-62.390444251171594
2016,ALASKA,AK,REPUBLICAN,REPUBLICAN,False,No Flip,2431727,10.383125100999187,-65.92816545607299,
2020,ALASKA,AK,REPUBLICAN,REPUBLICAN,False,No Flip,828534,-65.92816545607299,,
1980,ARIZONA,AZ,REPUBLICAN,REPUBLICAN,False,No Flip,3824217,,24.22854142429679,88.91896040418209
1984,ARIZONA,AZ,REPUBLICAN,REPUBLICAN,False,No Flip,4750769,24.22854142429679,52.07371690772589,65.48384061611921
1988,ARIZONA,AZ,REPUBLICAN,REPUBLICAN,False,No Flip,7224671,52.07371690772589,8.81817317356043,17.404142001760356
1992,ARIZONA,AZ,REPUBLICAN,REPUBLICAN,False,No Flip,7861755,8.81817317356043,7.890197544950205,12.194579963379677
1996,ARIZONA,AZ,DEMOCRAT,REPUBLICAN,True,REPUBLICAN->DEMOCRAT,8482063,7.890197544950205,3.989595455728164,4.3944851623950445
2000,ARIZONA,AZ,REPUBLICAN,DEMOCRAT,True,DEMOCRAT->REPUBLICAN,8820463,3.989595455728164,0.3893559782519353,-11.862223105521785
2004,ARIZONA,AZ,REPUBLICAN,REPUBLICAN,False,No Flip,8854806,0.3893559782519353,-12.204061839412406,-6.386859294263476
2008,ARIZONA,AZ,REPUBLICAN,REPUBLICAN,False,No Flip,7774160,-12.204061839412406,6.625821953754489,33.96058223653745
2012,ARIZONA,AZ,REPUBLICAN,REPUBLICAN,False,No Flip,8289262,6.625821953754489,25.63615434039846,-16.084833607623935
2016,ARIZONA,AZ,REPUBLICAN,REPUBLICAN,False,No Flip,10414310,25.63615434039846,-33.207788129986525,
2020,ARIZONA,AZ,DEMOCRAT,REPUBLICAN,True,REPUBLICAN->DEMOCRAT,6955948,-33.207788129986525,,
1980,ARKANSAS,AR,REPUBLICAN,DEMOCRAT,True,DEMOCRAT->REPUBLICAN,5269638,,2.7973458518402974,2.494763397409841
1984,ARKANSAS,AR,REPUBLICAN,REPUBLICAN,False,No Flip,5417048,2.7973458518402974,-0.29434850863422296,-35.853752818878476
1988,ARKANSAS,AR,REPUBLICAN,REPUBLICAN,False,No Flip,5401103,-0.29434850863422296,-35.6643818864406,-34.20682775351627
1992,ARKANSAS,AR,DEMOCRAT,REPUBLICAN,True,REPUBLICAN->DEMOCRAT,3474833,-35.6643818864406,2.265547725602928,-2.599088934633693
1996,ARKANSAS,AR,DEMOCRAT,DEMOCRAT,False,No Flip,3553557,2.265547725602928,-4.756867555522537,8.526048688680103
2000,ARKANSAS,AR,REPUBLICAN,DEMOCRAT,True,DEMOCRAT->REPUBLICAN,3384519,-4.756867555522537,13.946324426011495,1.1126544126358873
2004,ARKANSAS,AR,REPUBLICAN,REPUBLICAN,False,No Flip,3856535,13.946324426011495,-11.262908284249981,-7.566118290123129
2008,ARKANSAS,AR,REPUBLICAN,REPUBLICAN,False,No Flip,3422177,-11.262908284249981,4.166003102703337,13.876897659004781
2012,ARKANSAS,AR,REPUBLICAN,REPUBLICAN,False,No Flip,3564745,4.166003102703337,9.322518160485533,-58.021681775274246
2016,ARKANSAS,AR,REPUBLICAN,REPUBLICAN,False,No Flip,3897069,9.322518160485533,-61.6013983842729,
2020,ARKANSAS,AR,REPUBLICAN,REPUBLICAN,False,No Flip,1496420,-61.6013983842729,,
1980,CALIFORNIA,CA,REPUBLICAN,REPUBLICAN,False,No Flip,6694396,,11.724403516015485,29.94410548763473
1984,CALIFORNIA,CA,REPUBLICAN,REPUBLICAN,False,No Flip,7479274,11.724403516015485,16.307719171673615,19.782361229178125
1988,CALIFORNIA,CA,REPUBLICAN,REPUBLICAN,False,No Flip,8698973,16.307719171673615,2.987456105450609,7.3870444246694404
1992,CALIFORNIA,CA,DEMOCRAT,REPUBLICAN,True,REPUBLICAN->DEMOCRAT,8958851,2.987456105450609,4.271965233041604,-1.3962504789955765
1996,CALIFORNIA,CA,DEMOCRAT,DEMOCRAT,False,No Flip,9341570,4.271965233041604,-5.435992022754205,-9.522285868435391
2000,CALIFORNIA,CA,DEMOCRAT,DEMOCRAT,False,No Flip,8833763,-5.435992022754205,-4.321193584206413,-1.8164286273018644
2004,CALIFORNIA,CA,DEMOCRAT,DEMOCRAT,False,No Flip,8452039,-4.321193584206413,2.6178890087942093,11.011307449007274
2008,CALIFORNIA,CA,DEMOCRAT,DEMOCRAT,False,No Flip,8673304,2.6178890087942093,8.179293611753952,45.78058142548676
2012,CALIFORNIA,CA,DEMOCRAT,DEMOCRAT,False,No Flip,9382719,8.179293611753952,34.758304069428064,-14.685966829018327
2016,CALIFORNIA,CA,DEMOCRAT,DEMOCRAT,False,No Flip,12643993,34.758304069428064,-36.69107535886804,
2020,CALIFORNIA,CA,DEMOCRAT,DEMOCRAT,False,No Flip,8004776,-36.69107535886804,,
1980,COLORADO,CO,REPUBLICAN,REPUBLICAN,False,No Flip,3673745,,-8.009129648356106,9.392078111028392
1984,COLORADO,CO,REPUBLICAN,REPUBLICAN,False,No Flip,3379510,-8.009129648356106,18.916233418454155,27.767930853881182
1988,COLORADO,CO,REPUBLICAN,REPUBLICAN,False,No Flip,4018786,18.916233418454155,7.443640940323768,5.984518707888402
1992,COLORADO,CO,DEMOCRAT,REPUBLICAN,True,REPUBLICAN->DEMOCRAT,4317930,7.443640940323768,-1.3580349843559296,-0.3250863260868055
1996,COLORADO,CO,REPUBLICAN,DEMOCRAT,True,DEMOCRAT->REPUBLICAN,4259291,-1.3580349843559296,1.0471695876144644,-9.26287966706196
2000,COLORADO,CO,REPUBLICAN,REPUBLICAN,False,No Flip,4303893,1.0471695876144644,-10.203204401224658,-8.643988128887033
2004,COLORADO,CO,REPUBLICAN,REPUBLICAN,False,No Flip,3864758,-10.203204401224658,1.7363829766313958,8.275550500186558
2008,COLORADO,CO,DEMOCRAT,REPUBLICAN,True,REPUBLICAN->DEMOCRAT,3931865,1.7363829766313958,6.427560457950617,46.33806094563267
2012,COLORADO,CO,DEMOCRAT,DEMOCRAT,False,No Flip,4184588,6.427560457950617,37.50015533189887,5.448063226296114
2016,COLORADO,CO,DEMOCRAT,DEMOCRAT,False,No Flip,5753815,37.50015533189887,-23.310586106783067,
2020,COLORADO,CO,DEMOCRAT,DEMOCRAT,False,No Flip,4412567,-23.310586106783067,,
1980,FLORIDA,FL,REPUBLICAN,DEMOCRAT,True,DEMOCRAT->REPUBLICAN,1068742,,-7.325715654479753,52.4926502373819
1984,FLORIDA,FL,REPUBLICAN,REPUBLICAN,False,No Flip,990449,-7.325715654479753,64.54688732080098,41.96864250456106
1988,FLORIDA,FL,REPUBLICAN,REPUBLICAN,False,No Flip,1629753,64.54688732080098,-13.721465768125599,-15.938488838492704
1992,FLORIDA,FL,REPUBLICAN,REPUBLICAN,False,No Flip,1406127,-13.721465768125599,-2.5696114220123785,10.163591197665644
1996,FLORIDA,FL,DEMOCRAT,REPUBLICAN,True,REPUBLICAN->DEMOCRAT,1369995,-2.5696114220123785,13.069025799364232,30.623396435753413
2000,FLORIDA,FL,REPUBLICAN,DEMOCRAT,True,DEMOCRAT->REPUBLICAN,1549040,13.069025799364232,15.525357640861436,1.9473351236895107
2004,FLORIDA,FL,REPUBLICAN,REPUBLICAN,False,No Flip,1789534,15.525357640861436,-11.753283256981986,-4.804546882037446
2008,FLORIDA,FL,DEMOCRAT,REPUBLICAN,True,REPUBLICAN->DEMOCRAT,1579205,-11.753283256981986,7.874215190554741,-3.075344872894906
2012,FLORIDA,FL,DEMOCRAT,DEMOCRAT,False,No Flip,1703555,7.874215190554741,-10.150303336258588,-31.846990557980227
2016,FLORIDA,FL,REPUBLICAN,DEMOCRAT,True,DEMOCRAT->REPUBLICAN,1530639,-10.150303336258588,-24.14775789719196,
2020,FLORIDA,FL,REPUBLICAN,REPUBLICAN,False,No Flip,1161024,-24.14775789719196,,
1980,HAWAII,HI,DEMOCRAT,DEMOCRAT,False,No Flip,2944970,,23.07086320064381,11.301167753831107
1984,HAWAII,HI,REPUBLICAN,DEMOCRAT,True,DEMOCRAT->REPUBLICAN,3624400,23.07086320064381,-9.563348416289593,2.2397086414303056
1988,HAWAII,HI,DEMOCRAT,REPUBLICAN,True,REPUBLICAN->DEMOCRAT,3277786,-9.563348416289593,13.051187600410765,26.11332771572031
1992,HAWAII,HI,DEMOCRAT,DEMOCRAT,False,No Flip,3705576,13.051187600410765,11.55418212984972,16.661701176821094
1996,HAWAII,HI,DEMOCRAT,DEMOCRAT,False,No Flip,4133725,11.55418212984972,4.5785096976697774,-1.0611010650200485
2000,HAWAII,HI,DEMOCRAT,DEMOCRAT,False,No Flip,4322988,4.5785096976697774,-5.392705230733927,-0.18780991295835195
2004,HAWAII,HI,DEMOCRAT,DEMOCRAT,False,No Flip,4089862,-5.392705230733927,5.501579270889825,9.290191209385549
2008,HAWAII,HI,DEMOCRAT,DEMOCRAT,False,No Flip,4314869,5.501579270889825,3.591047607702574,16.70609235181879
2012,HAWAII,HI,DEMOCRAT,DEMOCRAT,False,No Flip,4469818,3.591047607702574,12.660403622697835,-37.46928845872472
2016,HAWAII,HI,DEMOCRAT,DEMOCRAT,False,No Flip,5035715,12.660403622697835,-44.49628305017262,
2020,HAWAII,HI,DEMOCRAT,DEMOCRAT,False,No Flip,2795009,-44.49628305017262,,
1980,INDIANA,IN,REPUBLICAN,REPUBLICAN,False,No Flip,1634624,,17.067778278062722,37.53646098429975
1984,INDIANA,IN,REPUBLICAN,REPUBLICAN,False,No Flip,1913618,17.067778278062722,17.48447182248495,20.555669940395628
1988,INDIANA,IN,REPUBLICAN,REPUBLICAN,False,No Flip,2248204,17.48447182248495,2.6141311019818487,-26.85601484562789
1992,INDIANA,IN,REPUBLICAN,REPUBLICAN,False,No Flip,2306975,2.6141311019818487,-28.719383608404947,-16.55167481225414
1996,INDIANA,IN,REPUBLICAN,REPUBLICAN,False,No Flip,1644426,-28.719383608404947,17.07015092196304,13.401454367663854
2000,INDIANA,IN,REPUBLICAN,REPUBLICAN,False,No Flip,1925132,17.07015092196304,-3.1337591396330224,-3.198689752183227
2004,INDIANA,IN,REPUBLICAN,REPUBLICAN,False,No Flip,1864803,-3.1337591396330224,-0.0670312091947514,1.5996864011909033
2008,INDIANA,IN,DEMOCRAT,REPUBLICAN,True,REPUBLICAN->DEMOCRAT,1863553,-0.0670312091947514,1.6678355807428067,-8.589881801054222
2012,INDIANA,IN,REPUBLICAN,DEMOCRAT,True,DEMOCRAT->REPUBLICAN,1894634,1.6678355807428067,-10.089442076939397,21.23972228937093
2016,INDIANA,IN,REPUBLICAN,REPUBLICAN,False,No Flip,1703476,-10.089442076939397,34.844811432623644,
2020,INDIANA,IN,REPUBLICAN,REPUBLICAN,False,No Flip,2297049,34.844811432623644,,
1980,KENTUCKY,KY,REPUBLICAN,DEMOCRAT,True,DEMOCRAT->REPUBLICAN,1668875,,0.33933038723691106,14.370339300426934
1984,KENTUCKY,KY,REPUBLICAN,REPUBLICAN,False,No Flip,1674538,0.33933038723691106,13.983558450151623,53.23307085297557
1988,KENTUCKY,KY,REPUBLICAN,REPUBLICAN,False,No Flip,1908698,13.983558450151623,34.43436311035062,4.211457234198391
1992,KENTUCKY,KY,DEMOCRAT,REPUBLICAN,True,REPUBLICAN->DEMOCRAT,2565946,34.43436311035062,-22.48153312657398,-28.232277686280227
1996,KENTUCKY,KY,DEMOCRAT,DEMOCRAT,False,No Flip,1989082,-22.48153312657398,-7.418547852728043,-0.43044982559793915
2000,KENTUCKY,KY,REPUBLICAN,DEMOCRAT,True,DEMOCRAT->REPUBLICAN,1841521,-7.418547852728043,7.548054027078703,-68.28067667976634
2004,KENTUCKY,KY,REPUBLICAN,REPUBLICAN,False,No Flip,1980520,7.548054027078703,-70.50683658837073,-67.32868135641145
2008,KENTUCKY,KY,REPUBLICAN,REPUBLICAN,False,No Flip,584118,-70.50683658837073,10.775904868536838,25.410276690668667
2012,KENTUCKY,KY,REPUBLICAN,REPUBLICAN,False,No Flip,647062,10.775904868536838,13.210789692486962,-42.091947912255705
2016,KENTUCKY,KY,REPUBLICAN,REPUBLICAN,False,No Flip,732544,13.210789692486962,-48.84935239384938,
2020,KENTUCKY,KY,REPUBLICAN,REPUBLICAN,False,No Flip,374701,-48.84935239384938,,
1980,MAINE,ME,REPUBLICAN,REPUBLICAN,False,No Flip,3273095,,19.697014599331826,43.31875487879209
1984,MAINE,ME,REPUBLICAN,REPUBLICAN,False,No Flip,3917797,19.697014599331826,19.734611058204393,-32.750752527504616
1988,MAINE,ME,REPUBLICAN,REPUBLICAN,False,No Flip,4690959,19.734611058204393,-43.83474679697691,-36.95517270562373
1992,MAINE,ME,DEMOCRAT,REPUBLICAN,True,REPUBLICAN->DEMOCRAT,2634689,-43.83474679697691,12.248808113595192,3.3068419080961737
1996,MAINE,ME,DEMOCRAT,DEMOCRAT,False,No Flip,2957407,12.248808113595192,-7.9662014731147925,-24.178613224354983
2000,MAINE,ME,DEMOCRAT,DEMOCRAT,False,No Flip,2721814,-7.9662014731147925,-17.615715107645123,-22.002127992581418
2004,MAINE,ME,DEMOCRAT,DEMOCRAT,False,No Flip,2242347,-17.615715107645123,-5.324332050302651,10.515990611622554
2008,MAINE,ME,DEMOCRAT,DEMOCRAT,False,No Flip,2122957,-5.324332050302651,16.73114434253732,57.82199074215823
2012,MAINE,ME,DEMOCRAT,DEMOCRAT,False,No Flip,2478152,16.73114434253732,35.20127094706055,9.603204323221497
2016,MAINE,ME,DEMOCRAT,DEMOCRAT,False,No Flip,3350493,35.20127094706055,-18.933303248208546,
2020,MAINE,ME,DEMOCRAT,DEMOCRAT,False,No Flip,2716134,-18.933303248208546,,
1980,MICHIGAN,MI,REPUBLICAN,REPUBLICAN,False,No Flip,14996,,10.989597225926914,77.72739397172579
1984,MICHIGAN,MI,REPUBLICAN,REPUBLICAN,False,No Flip,16644,10.989597225926914,60.1297764960346,37.73131458783946
1988,MICHIGAN,MI,REPUBLICAN,REPUBLICAN,False,No Flip,26652,60.1297764960346,-13.987693231277202,-11.526339486717694
1992,MICHIGAN,MI,DEMOCRAT,REPUBLICAN,True,REPUBLICAN->DEMOCRAT,22924,-13.987693231277202,2.8616297330308846,-7.337288431338336
1996,MICHIGAN,MI,DEMOCRAT,DEMOCRAT,False,No Flip,23580,2.8616297330308846,-9.91518235793045,-26.25106022052587
2000,MICHIGAN,MI,DEMOCRAT,DEMOCRAT,False,No Flip,21242,-9.91518235793045,-18.133885698145182,-33.05244327276151
2004,MICHIGAN,MI,DEMOCRAT,DEMOCRAT,False,No Flip,17390,-18.133885698145182,-18.22311673375503,-3.944795859689477
2008,MICHIGAN,MI,DEMOCRAT,DEMOCRAT,False,No Flip,14221,-18.22311673375503,17.46009422684762,76.0705998171718
2012,MICHIGAN,MI,DEMOCRAT,DEMOCRAT,False,No Flip,16704,17.46009422684762,49.89822796934866,-60.23108237547893
2016,MICHIGAN,MI,REPUBLICAN,DEMOCRAT,True,DEMOCRAT->REPUBLICAN,25039,49.89822796934866,-73.46938775510205,
2020,MICHIGAN,MI,DEMOCRAT,REPUBLICAN,True,REPUBLICAN->DEMOCRAT,6643,-73.46938775510205,,
1980,MINNESOTA,MN,DEMOCRAT,DEMOCRAT,False,No Flip,272414,,-33.655759248790446,-11.670839237337288
1984,MINNESOTA,MN,DEMOCRAT,DEMOCRAT,False,No Flip,180731,-33.655759248790446,33.13764655759112,35.2855901865203
1988,MINNESOTA,MN,DEMOCRAT,DEMOCRAT,False,No Flip,240621,33.13764655759112,1.6133255202164398,8.147667909284726
1992,MINNESOTA,MN,DEMOCRAT,DEMOCRAT,False,No Flip,244503,1.6133255202164398,6.430595943608054,-5.932442546717218
1996,MINNESOTA,MN,DEMOCRAT,DEMOCRAT,False,No Flip,260226,6.430595943608054,-11.616056812155588,-3.3067410635370798
2000,MINNESOTA,MN,DEMOCRAT,DEMOCRAT,False,No Flip,229998,-11.616056812155588,9.401386099009557,-2.536109009643562
2004,MINNESOTA,MN,DEMOCRAT,DEMOCRAT,False,No Flip,251621,9.401386099009557,-10.91164886873512,-14.310013870066488
2008,MINNESOTA,MN,DEMOCRAT,DEMOCRAT,False,No Flip,224165,-10.91164886873512,-3.8146008520509445,7.916936185399148
2012,MINNESOTA,MN,DEMOCRAT,DEMOCRAT,False,No Flip,215614,-3.8146008520509445,12.196796126411085,22.019442151251774
2016,MINNESOTA,MN,DEMOCRAT,DEMOCRAT,False,No Flip,241912,12.196796126411085,8.754836469459969,
2020,MINNESOTA,MN,DEMOCRAT,DEMOCRAT,False,No Flip,263091,8.754836469459969,,
1980,MISSOURI,MO,REPUBLICAN,DEMOCRAT,True,DEMOCRAT->REPUBLICAN,1969801,,-13.128635836818034,33.69436811129653
1984,MISSOURI,MO,REPUBLICAN,REPUBLICAN,False,No Flip,1711193,-13.128635836818034,53.899238718250956,50.82623643271098
1988,MISSOURI,MO,REPUBLICAN,REPUBLICAN,False,No Flip,2633513,53.899238718250956,-1.9967624993687139,55.991597535307406
1992,MISSOURI,MO,DEMOCRAT,REPUBLICAN,True,REPUBLICAN->DEMOCRAT,2580928,-1.9967624993687139,59.1698412354006,55.162871649267245
1996,MISSOURI,MO,DEMOCRAT,DEMOCRAT,False,No Flip,4108059,59.1698412354006,-2.517417593077412,-24.447165924345292
2000,MISSOURI,MO,REPUBLICAN,DEMOCRAT,True,DEMOCRAT->REPUBLICAN,4004642,-2.517417593077412,-22.496068312723086,-43.9188072242163
2004,MISSOURI,MO,REPUBLICAN,REPUBLICAN,False,No Flip,3103755,-22.496068312723086,-27.640841496832063,-11.656493505447434
2008,MISSOURI,MO,REPUBLICAN,REPUBLICAN,False,No Flip,2245851,-27.640841496832063,22.09029005040851,-43.36868296249395
2012,MISSOURI,MO,REPUBLICAN,REPUBLICAN,False,No Flip,2741966,22.09029005040851,-53.61521623535813,-82.27472550717259
2016,MISSOURI,MO,REPUBLICAN,REPUBLICAN,False,No Flip,1271855,-53.61521623535813,-61.786445781948416,
2020,MISSOURI,MO,REPUBLICAN,REPUBLICAN,False,No Flip,486021,-61.786445781948416,,
1980,MONTANA,MT,REPUBLICAN,REPUBLICAN,False,No Flip,1475538,,32.4701905338934,23.7097248596783
1984,MONTANA,MT,REPUBLICAN,REPUBLICAN,False,No Flip,1954648,32.4701905338934,-6.6131600165349465,12.871013092894476
1988,MONTANA,MT,REPUBLICAN,REPUBLICAN,False,No Flip,1825384,-6.6131600165349465,20.863938765761066,-4.920882400634606
1992,MONTANA,MT,DEMOCRAT,REPUBLICAN,True,REPUBLICAN->DEMOCRAT,2206231,20.863938765761066,-21.33375879497659,-21.217723801360783
1996,MONTANA,MT,REPUBLICAN,DEMOCRAT,True,DEMOCRAT->REPUBLICAN,1735559,-21.33375879497659,0.14750290828488113,17.715848323220357
2000,MONTANA,MT,REPUBLICAN,REPUBLICAN,False,No Flip,1738119,0.14750290828488113,17.54246976185175,5.0886044051069
2004,MONTANA,MT,REPUBLICAN,REPUBLICAN,False,No Flip,2043028,17.54246976185175,-10.595204764692408,6.790900565239438
2008,MONTANA,MT,REPUBLICAN,REPUBLICAN,False,No Flip,1826565,-10.595204764692408,19.446502040715767,62.18990290517994
2012,MONTANA,MT,REPUBLICAN,REPUBLICAN,False,No Flip,2181768,19.446502040715767,35.78455637813003,-22.133609073008678
2016,MONTANA,MT,REPUBLICAN,REPUBLICAN,False,No Flip,2962504,35.78455637813003,-42.65445717541647,
2020,MONTANA,MT,REPUBLICAN,REPUBLICAN,False,No Flip,1698864,-42.65445717541647,,
1980,NEVADA,NV,REPUBLICAN,REPUBLICAN,False,No Flip,33983,,14.536680104758263,121.07524350410499
1984,NEVADA,NV,REPUBLICAN,REPUBLICAN,False,No Flip,38923,14.536680104758263,93.01698224700048,82.01320555969478
1988,NEVADA,NV,REPUBLICAN,REPUBLICAN,False,No Flip,75128,93.01698224700048,-5.700937067404962,16.310829517623258
1992,NEVADA,NV,DEMOCRAT,REPUBLICAN,True,REPUBLICAN->DEMOCRAT,70845,-5.700937067404962,23.34250829275178,14.397628625873384
1996,NEVADA,NV,DEMOCRAT,DEMOCRAT,False,No Flip,87382,23.34250829275178,-7.2520656428097325,-7.819688265317799
2000,NEVADA,NV,REPUBLICAN,DEMOCRAT,True,DEMOCRAT->REPUBLICAN,81045,-7.2520656428097325,-0.6120056758590907,-13.720772410389289
2004,NEVADA,NV,REPUBLICAN,REPUBLICAN,False,No Flip,80549,-0.6120056758590907,-13.189487144471068,18.617239196017334
2008,NEVADA,NV,DEMOCRAT,REPUBLICAN,True,REPUBLICAN->DEMOCRAT,69925,-13.189487144471068,36.63925634608509,108.05577404361817
2012,NEVADA,NV,DEMOCRAT,DEMOCRAT,False,No Flip,95545,36.63925634608509,52.26647129624784,27.058454131561042
2016,NEVADA,NV,DEMOCRAT,DEMOCRAT,False,No Flip,145483,52.26647129624784,-16.555198889217294,
2020,NEVADA,NV,DEMOCRAT,DEMOCRAT,False,No Flip,121398,-16.555198889217294,,
1980,NEW MEXICO,NM,REPUBLICAN,REPUBLICAN,False,No Flip,1205393,,4.239862020104646,11.368906240537319
1984,NEW MEXICO,NM,REPUBLICAN,REPUBLICAN,False,No Flip,1256500,4.239862020104646,6.83907680063669,1.8611221647433347
1988,NEW MEXICO,NM,REPUBLICAN,REPUBLICAN,False,No Flip,1342433,6.83907680063669,-4.659301432548216,-12.45902030119939
1992,NEW MEXICO,NM,DEMOCRAT,REPUBLICAN,True,REPUBLICAN->DEMOCRAT,1279885,-4.659301432548216,-8.180891251948417,-23.031444231317657
1996,NEW MEXICO,NM,DEMOCRAT,DEMOCRAT,False,No Flip,1175179,-8.180891251948417,-16.17370630346526,-26.04786164490686
2000,NEW MEXICO,NM,DEMOCRAT,DEMOCRAT,False,No Flip,985109,-16.17370630346526,-11.779305640289552,-14.336078545622872
2004,NEW MEXICO,NM,REPUBLICAN,DEMOCRAT,True,DEMOCRAT->REPUBLICAN,869070,-11.779305640289552,-2.8981554995569976,-4.671890641720459
2008,NEW MEXICO,NM,DEMOCRAT,REPUBLICAN,True,REPUBLICAN->DEMOCRAT,843883,-2.8981554995569976,-1.8266750248553412,21.173906809356275
2012,NEW MEXICO,NM,DEMOCRAT,DEMOCRAT,False,No Flip,828468,-1.8266750248553412,23.428545218403123,-27.671557622020405
2016,NEW MEXICO,NM,DEMOCRAT,DEMOCRAT,False,No Flip,1022566,23.428545218403123,-41.4005550741957,
2020,NEW MEXICO,NM,DEMOCRAT,DEMOCRAT,False,No Flip,599218,-41.4005550741957,,
1980,NORTH DAKOTA,ND,REPUBLICAN,REPUBLICAN,False,No Flip,603210,,-38.8910992854893,-30.362891861872317
1984,NORTH DAKOTA,ND,REPUBLICAN,REPUBLICAN,False,No Flip,368615,-38.8910992854893,13.955753292730899,30.85441449751095
1988,NORTH DAKOTA,ND,REPUBLICAN,REPUBLICAN,False,No Flip,420058,13.955753292730899,14.829142642206552,5.340929109789601
1992,NORTH DAKOTA,ND,REPUBLICAN,REPUBLICAN,False,No Flip,482349,14.829142642206552,-8.262896782205416,-9.113318364918348
1996,NORTH DAKOTA,ND,REPUBLICAN,REPUBLICAN,False,No Flip,442493,-8.262896782205416,-0.9270203144456522,8.74002526593641
2000,NORTH DAKOTA,ND,REPUBLICAN,REPUBLICAN,False,No Flip,438391,-0.9270203144456522,9.757499583704957,19.38703121186338
2004,NORTH DAKOTA,ND,REPUBLICAN,REPUBLICAN,False,No Flip,481167,9.757499583704957,8.773461189150545,34.492390375898594
2008,NORTH DAKOTA,ND,REPUBLICAN,REPUBLICAN,False,No Flip,523382,8.773461189150545,23.64448911120367,45.29693417045294
2012,NORTH DAKOTA,ND,REPUBLICAN,REPUBLICAN,False,No Flip,647133,23.64448911120367,17.511856140855127,-13.791909854697565
2016,NORTH DAKOTA,ND,REPUBLICAN,REPUBLICAN,False,No Flip,760458,17.511856140855127,-26.638815029889884,
2020,NORTH DAKOTA,ND,REPUBLICAN,REPUBLICAN,False,No Flip,557881,-26.638815029889884,,
1980,OHIO,OH,REPUBLICAN,DEMOCRAT,True,DEMOCRAT->REPUBLICAN,563300,,82.58902893662346,120.02716137049529
1984,OHIO,OH,REPUBLICAN,REPUBLICAN,False,No Flip,1028524,82.58902893662346,20.504042686412763,39.93392473097371
1988,OHIO,OH,REPUBLICAN,REPUBLICAN,False,No Flip,1239413,20.504042686412763,16.123842496407573,179.61413991946188
1992,OHIO,OH,DEMOCRAT,REPUBLICAN,True,REPUBLICAN->DEMOCRAT,1439254,16.123842496407573,140.78960350292581,131.34999103702333
1996,OHIO,OH,DEMOCRAT,DEMOCRAT,False,No Flip,3465574,140.78960350292581,-3.9202741017793876,-4.581145865013992
2000,OHIO,OH,REPUBLICAN,DEMOCRAT,True,DEMOCRAT->REPUBLICAN,3329714,-3.9202741017793876,-0.6878368532552646,-15.054656345860334
2004,OHIO,OH,REPUBLICAN,REPUBLICAN,False,No Flip,3306811,-0.6878368532552646,-14.466324201776274,-30.450182970844114
2008,OHIO,OH,DEMOCRAT,REPUBLICAN,True,REPUBLICAN->DEMOCRAT,2828437,-14.466324201776274,-18.68721134676148,-14.32052402086382
2012,OHIO,OH,DEMOCRAT,DEMOCRAT,False,No Flip,2299881,-18.68721134676148,5.370234372995821,19.816112224936855
2016,OHIO,OH,REPUBLICAN,DEMOCRAT,True,DEMOCRAT->REPUBLICAN,2423390,5.370234372995821,13.709638151515028,
2020,OHIO,OH,REPUBLICAN,REPUBLICAN,False,No Flip,2755628,13.709638151515028,,
1980,OREGON,OR,REPUBLICAN,REPUBLICAN,False,No Flip,484256,,3.2398153043018567,-3.1516388026167976
1984,OREGON,OR,REPUBLICAN,REPUBLICAN,False,No Flip,499945,3.2398153043018567,-6.1908809969096605,2.3112542379661765
1988,OREGON,OR,DEMOCRAT,REPUBLICAN,True,REPUBLICAN->DEMOCRAT,468994,-6.1908809969096605,9.063228953888537,12.27371778743438
1992,OREGON,OR,DEMOCRAT,DEMOCRAT,False,No Flip,511500,9.063228953888537,2.9436950146627567,-6.845943304007821
1996,OREGON,OR,DEMOCRAT,DEMOCRAT,False,No Flip,526557,2.9436950146627567,-9.50970170370919,-11.374077260391562
2000,OREGON,OR,DEMOCRAT,DEMOCRAT,False,No Flip,476483,-9.50970170370919,-2.0603043550347024,-2.3499264401877924
2004,OREGON,OR,DEMOCRAT,DEMOCRAT,False,No Flip,466666,-2.0603043550347024,-0.2957147081638688,6.468223526033609
2008,OREGON,OR,DEMOCRAT,DEMOCRAT,False,No Flip,465286,-0.2957147081638688,6.783999518575672,73.21475393628864
2012,OREGON,OR,DEMOCRAT,DEMOCRAT,False,No Flip,496851,6.783999518575672,62.210401106166636,44.93278669057725
2016,OREGON,OR,DEMOCRAT,DEMOCRAT,False,No Flip,805944,62.210401106166636,-10.65136039228532,
2020,OREGON,OR,DEMOCRAT,DEMOCRAT,False,No Flip,720100,-10.65136039228532,,
1988,SOUTH CAROLINA,SC,REPUBLICAN,REPUBLICAN,False,No Flip,26257,,52.40888144113951,138.4659328940854
1992,SOUTH CAROLINA,SC,REPUBLICAN,REPUBLICAN,False,No Flip,40018,52.40888144113951,56.46459093407966,138.93997701034536
1996,SOUTH CAROLINA,SC,REPUBLICAN,REPUBLICAN,False,No Flip,62614,56.46459093407966,52.71185357907178,101.62743156482577
2000,SOUTH CAROLINA,SC,REPUBLICAN,REPUBLICAN,False,No Flip,95619,52.71185357907178,32.03129085223648,9.71982555768205
2004,SOUTH CAROLINA,SC,REPUBLICAN,REPUBLICAN,False,No Flip,126247,32.03129085223648,-16.89861937313362,-13.118727573724524
2008,SOUTH CAROLINA,SC,REPUBLICAN,REPUBLICAN,False,No Flip,104913,-16.89861937313362,4.548530687331407,37.10693622334696
2012,SOUTH CAROLINA,SC,REPUBLICAN,REPUBLICAN,False,No Flip,109685,4.548530687331407,31.14190636823631,8.771481971099055
2016,SOUTH CAROLINA,SC,REPUBLICAN,REPUBLICAN,False,No Flip,143843,31.14190636823631,-17.05818148954068,
2020,SOUTH CAROLINA,SC,REPUBLICAN,REPUBLICAN,False,No Flip,119306,-17.05818148954068,,
1980,SOUTH DAKOTA,SD,REPUBLICAN,REPUBLICAN,False,No Flip,1934416,,11.837888024085823,19.398878007626074
1984,SOUTH DAKOTA,SD,REPUBLICAN,REPUBLICAN,False,No Flip,2163410,11.837888024085823,6.760669498615611,16.90608807392034
1988,SOUTH DAKOTA,SD,REPUBLICAN,REPUBLICAN,False,No Flip,2309671,6.760669498615611,9.502955182794432,-8.963700890732923
1992,SOUTH DAKOTA,SD,REPUBLICAN,REPUBLICAN,False,No Flip,2529158,9.502955182794432,-16.864070967491948,-20.690601378008015
1996,SOUTH DAKOTA,SD,REPUBLICAN,REPUBLICAN,False,No Flip,2102639,-16.864070967491948,-4.6027396999675165,-15.189340633365974
2000,SOUTH DAKOTA,SD,REPUBLICAN,REPUBLICAN,False,No Flip,2005860,-4.6027396999675165,-11.097384662937593,-16.965690526756603
2004,SOUTH DAKOTA,SD,REPUBLICAN,REPUBLICAN,False,No Flip,1783262,-11.097384662937593,-6.6008247806547775,-7.135575142631874
2008,SOUTH DAKOTA,SD,REPUBLICAN,REPUBLICAN,False,No Flip,1665552,-6.6008247806547775,-0.5725429167026908,16.11639864741539
2012,SOUTH DAKOTA,SD,REPUBLICAN,REPUBLICAN,False,No Flip,1656016,-0.5725429167026908,16.785043139679807,-2.620204152616883
2016,SOUTH DAKOTA,SD,REPUBLICAN,REPUBLICAN,False,No Flip,1933979,16.785043139679807,-16.61620937972956,
2020,SOUTH DAKOTA,SD,REPUBLICAN,REPUBLICAN,False,No Flip,1612625,-16.61620937972956,,
1980,TENNESSEE,TN,REPUBLICAN,DEMOCRAT,True,DEMOCRAT->REPUBLICAN,11900791,,13.691182376028618,50.390179946862354
1984,TENNESSEE,TN,REPUBLICAN,REPUBLICAN,False,No Flip,13530150,13.691182376028618,32.27954605085679,37.42390143494344
1988,TENNESSEE,TN,REPUBLICAN,REPUBLICAN,False,No Flip,17897621,32.27954605085679,3.889002901558816,12.54923210185309
1992,TENNESSEE,TN,DEMOCRAT,REPUBLICAN,True,REPUBLICAN->DEMOCRAT,18593660,3.889002901558816,8.33604034923732,13.53598484644766
1996,TENNESSEE,TN,DEMOCRAT,DEMOCRAT,False,No Flip,20143635,8.33604034923732,4.799828829305137,1.3412723175335535
2000,TENNESSEE,TN,REPUBLICAN,DEMOCRAT,True,DEMOCRAT->REPUBLICAN,21110495,4.799828829305137,-3.3001547334631427,-3.9661078529897096
2004,TENNESSEE,TN,REPUBLICAN,REPUBLICAN,False,No Flip,20413816,-3.3001547334631427,-0.6886806464798154,1.774322840962219
2008,TENNESSEE,TN,REPUBLICAN,REPUBLICAN,False,No Flip,20273230,-0.6886806464798154,2.48008334143104,11.12199190755494
2012,TENNESSEE,TN,REPUBLICAN,REPUBLICAN,False,No Flip,20776023,2.48008334143104,8.432768870153831,8.972188758166084
2016,TENNESSEE,TN,REPUBLICAN,REPUBLICAN,False,No Flip,22528017,8.432768870153831,0.4974694399422728,
2020,TENNESSEE,TN,REPUBLICAN,REPUBLICAN,False,No Flip,22640087,0.4974694399422728,,
1980,TEXAS,TX,REPUBLICAN,DEMOCRAT,True,DEMOCRAT->REPUBLICAN,323475,,9.395471056495865,30.108663729809106
1984,TEXAS,TX,REPUBLICAN,REPUBLICAN,False,No Flip,353867,9.395471056495865,18.934232352833128,33.38881557195217
1988,TEXAS,TX,REPUBLICAN,REPUBLICAN,False,No Flip,420869,18.934232352833128,12.153425412658095,20.06182446319401
1992,TEXAS,TX,REPUBLICAN,REPUBLICAN,False,No Flip,472019,12.153425412658095,7.051411066079967,-1.8162404479480698
1996,TEXAS,TX,REPUBLICAN,REPUBLICAN,False,No Flip,505303,7.051411066079967,-8.283544724650358,7.349055912986861
2000,TEXAS,TX,REPUBLICAN,REPUBLICAN,False,No Flip,463446,-8.283544724650358,17.044488462517748,14.055359200424643
2004,TEXAS,TX,REPUBLICAN,REPUBLICAN,False,No Flip,542438,17.044488462517748,-2.5538402545544376,-16.344540758575175
2008,TEXAS,TX,REPUBLICAN,REPUBLICAN,False,No Flip,528585,-2.5538402545544376,-14.152123121163104,8.306705638639007
2012,TEXAS,TX,REPUBLICAN,REPUBLICAN,False,No Flip,453779,-14.152123121163104,26.16119300364274,20.976730963751077
2016,TEXAS,TX,REPUBLICAN,REPUBLICAN,False,No Flip,572493,26.16119300364274,-4.109395224046407,
2020,TEXAS,TX,REPUBLICAN,REPUBLICAN,False,No Flip,548967,-4.109395224046407,,
1980,UTAH,UT,REPUBLICAN,REPUBLICAN,False,No Flip,2532040,,22.989802688741094,79.14795974787128
1984,UTAH,UT,REPUBLICAN,REPUBLICAN,False,No Flip,3114151,22.989802688741094,45.66082376866119,95.59867199760063
1988,UTAH,UT,REPUBLICAN,REPUBLICAN,False,No Flip,4536098,45.66082376866119,34.28365083823145,38.90209162147731
1992,UTAH,UT,REPUBLICAN,REPUBLICAN,False,No Flip,6091238,34.28365083823145,3.439317261942482,-2.0609931839800053
1996,UTAH,UT,REPUBLICAN,REPUBLICAN,False,No Flip,6300735,3.439317261942482,-5.317427252534824,-5.6549434312028675
2000,UTAH,UT,REPUBLICAN,REPUBLICAN,False,No Flip,5965698,-5.317427252534824,-0.3564712796390297,4.85609563206183
2004,UTAH,UT,REPUBLICAN,REPUBLICAN,False,No Flip,5944432,-0.3564712796390297,5.2312146896457055,18.417318929714394
2008,UTAH,UT,REPUBLICAN,REPUBLICAN,False,No Flip,6255398,5.2312146896457055,12.53060157003599,69.23963910849477
2012,UTAH,UT,REPUBLICAN,REPUBLICAN,False,No Flip,7039237,12.53060157003599,50.394325407711094,17.486596913841655
2016,UTAH,UT,REPUBLICAN,REPUBLICAN,False,No Flip,10586613,50.394325407711094,-21.880964195064088,
2020,UTAH,UT,REPUBLICAN,REPUBLICAN,False,No Flip,8270160,-21.880964195064088,,
1980,VIRGINIA,VA,REPUBLICAN,REPUBLICAN,False,No Flip,1769724,,9.856282674586545,10.798124453304583
1984,VIRGINIA,VA,REPUBLICAN,REPUBLICAN,False,No Flip,1944153,9.856282674586545,0.8573399315794591,-4.80831498344009
1988,VIRGINIA,VA,REPUBLICAN,REPUBLICAN,False,No Flip,1960821,0.8573399315794591,-5.617493896689193,-19.320478513847007
1992,VIRGINIA,VA,REPUBLICAN,REPUBLICAN,False,No Flip,1850672,-5.617493896689193,-14.518564067538712,-22.70153760363803
1996,VIRGINIA,VA,REPUBLICAN,REPUBLICAN,False,No Flip,1581981,-14.518564067538712,-9.572807764442178,-19.596885171187264
2000,VIRGINIA,VA,REPUBLICAN,REPUBLICAN,False,No Flip,1430541,-9.572807764442178,-11.085246770277818,-24.025945429036987
2004,VIRGINIA,VA,REPUBLICAN,REPUBLICAN,False,No Flip,1271962,-11.085246770277818,-14.554051143037292,-3.993830004355476
2008,VIRGINIA,VA,DEMOCRAT,REPUBLICAN,True,REPUBLICAN->DEMOCRAT,1086840,-14.554051143037292,12.358948879319863,33.25816127488867
2012,VIRGINIA,VA,DEMOCRAT,DEMOCRAT,False,No Flip,1221162,12.358948879319863,18.600398636708317,37.34680574731281
2016,VIRGINIA,VA,DEMOCRAT,DEMOCRAT,False,No Flip,1448303,18.600398636708317,15.806360961760074,
2020,VIRGINIA,VA,DEMOCRAT,DEMOCRAT,False,No Flip,1677227,15.806360961760074,,
1980,WASHINGTON,WA,REPUBLICAN,REPUBLICAN,False,No Flip,5302555,,5.054940495666711,11.795653227547852
1984,WASHINGTON,WA,REPUBLICAN,REPUBLICAN,False,No Flip,5570596,5.054940495666711,6.4163690922838414,9.026556583891562
1988,WASHINGTON,WA,DEMOCRAT,REPUBLICAN,True,REPUBLICAN->DEMOCRAT,5928026,6.4163690922838414,2.4528063810786254,5.08088189896603
1992,WASHINGTON,WA,DEMOCRAT,DEMOCRAT,False,No Flip,6073429,2.4528063810786254,2.5651571789182026,1.6893092847549547
1996,WASHINGTON,WA,DEMOCRAT,DEMOCRAT,False,No Flip,6229222,2.5651571789182026,-0.8539429161458686,-6.249143151424046
2000,WASHINGTON,WA,DEMOCRAT,DEMOCRAT,False,No Flip,6176028,-0.8539429161458686,-5.441668982070677,-8.492999060237421
2004,WASHINGTON,WA,DEMOCRAT,DEMOCRAT,False,No Flip,5839949,-5.441668982070677,-3.2269288653034467,-10.879170348919143
2008,WASHINGTON,WA,DEMOCRAT,DEMOCRAT,False,No Flip,5651498,-3.2269288653034467,-7.907407912026157,8.61120361362598
2012,WASHINGTON,WA,DEMOCRAT,DEMOCRAT,False,No Flip,5204611,-7.907407912026157,17.936960130161506,-8.673155400086577
2016,WASHINGTON,WA,DEMOCRAT,DEMOCRAT,False,No Flip,6138160,17.936960130161506,-22.562999335305694,
2020,WASHINGTON,WA,DEMOCRAT,DEMOCRAT,False,No Flip,4753207,-22.562999335305694,,
1984,WEST VIRGINIA,WV,REPUBLICAN,DEMOCRAT,True,DEMOCRAT->REPUBLICAN,231295,,73.28606325255626,307.31965671545
1988,WEST VIRGINIA,WV,DEMOCRAT,REPUBLICAN,True,REPUBLICAN->DEMOCRAT,400802,73.28606325255626,135.05621229434982,209.38892520496407
1992,WEST VIRGINIA,WV,DEMOCRAT,DEMOCRAT,False,No Flip,942110,135.05621229434982,31.623377312628037,20.466930613198034
1996,WEST VIRGINIA,WV,DEMOCRAT,DEMOCRAT,False,No Flip,1240037,31.623377312628037,-8.476037408561195,-6.923583731775746
2000,WEST VIRGINIA,WV,REPUBLICAN,DEMOCRAT,True,DEMOCRAT->REPUBLICAN,1134931,-8.476037408561195,1.696226466631011,7.077346552345473
2004,WEST VIRGINIA,WV,REPUBLICAN,REPUBLICAN,False,No Flip,1154182,1.696226466631011,5.29136652624976,-2.0436118393806173
2008,WEST VIRGINIA,WV,REPUBLICAN,REPUBLICAN,False,No Flip,1215254,5.29136652624976,-6.9663625875742845,-1.2279737404690707
2012,WEST VIRGINIA,WV,REPUBLICAN,REPUBLICAN,False,No Flip,1130595,-6.9663625875742845,6.168079639481866,-6.529393814761255
2016,WEST VIRGINIA,WV,REPUBLICAN,REPUBLICAN,False,No Flip,1200331,6.168079639481866,-11.959784426129126,
2020,WEST VIRGINIA,WV,REPUBLICAN,REPUBLICAN,False,No Flip,1056774,-11.959784426129126,,
1980,WYOMING,WY,REPUBLICAN,REPUBLICAN,False,No Flip,5507882,,-18.253840586998777,-22.00584544113327
1984,WYOMING,WY,REPUBLICAN,REPUBLICAN,False,No Flip,4502482,-18.253840586998777,-4.589824012622371,37.680839146053216
1988,WYOMING,WY,REPUBLICAN,REPUBLICAN,False,No Flip,4295826,-4.589824012622371,44.304145465854525,86.15500255364161
1992,WYOMING,WY,REPUBLICAN,REPUBLICAN,False,No Flip,6199055,44.304145465854525,29.001839796549632,24.80615190541139
1996,WYOMING,WY,REPUBLICAN,REPUBLICAN,False,No Flip,7996895,29.001839796549632,-3.252424847393895,-2.3809491058717165
2000,WYOMING,WY,REPUBLICAN,REPUBLICAN,False,No Flip,7736802,-3.252424847393895,0.9007726965224132,0.5214557642809006
2004,WYOMING,WY,REPUBLICAN,REPUBLICAN,False,No Flip,7806493,0.9007726965224132,-0.37593065157427286,7.297758417255995
2008,WYOMING,WY,REPUBLICAN,REPUBLICAN,False,No Flip,7777146,-0.37593065157427286,7.702645674904393,32.16937164353093
2012,WYOMING,WY,REPUBLICAN,REPUBLICAN,False,No Flip,8376192,7.702645674904393,22.71692196167423,12.681490586653219
2016,WYOMING,WY,REPUBLICAN,REPUBLICAN,False,No Flip,10279005,22.71692196167423,-8.1777078618018,
2020,WYOMING,WY,REPUBLICAN,REPUBLICAN,False,No Flip,9438418,-8.1777078618018,,
