Park,Date,Year,Z_Score,Is_Anomaly,Actual,Predicted
Acadia NP,2003-01-01,2003,-2.0478936121825106,False,2614500,4011710.713032201
Acadia NP,2004-01-01,2004,-2.4832794235502598,False,2372420,4066680.186855659
Acadia NP,2005-01-01,2005,-2.801782297305795,False,2210236,4121800.2619772702
Acadia NP,2006-01-01,2006,-2.812570553640435,False,2257845,4176769.735800728
Acadia NP,2007-01-01,2007,-2.714628687585128,False,2379637,4231739.209624186
Acadia NP,2008-01-01,2008,-2.9806483121914162,False,2253110,4286708.683447644
Acadia NP,2009-01-01,2009,-2.8302469451539336,False,2410844,4341828.758569241
Acadia NP,2010-01-01,2010,-2.4709661333496737,False,2710939,4396798.2323926985
Acadia NP,2011-01-01,2011,-2.74998506312664,False,2575543,4451767.7062161565
Acadia NP,2012-01-01,2012,-2.7378482848266446,False,2638793,4506737.180039614
Acadia NP,2013-01-01,2013,-3.0894701460256857,True,2454013,4561857.255161211
Acadia NP,2014-01-01,2014,-2.692567712266192,False,2779776,4616826.728984669
Acadia NP,2015-01-01,2015,-2.3991218074809155,False,3034954,4671796.202808127
Acadia NP,2016-01-01,2016,-1.7089618499251282,False,3560797,4726765.676631585
Acadia NP,2017-01-01,2017,-1.4700599703709325,False,3778912,4781885.751753181
Acadia NP,2018-01-01,2018,-1.5165424514007497,False,3802168,4836855.225576639
Acadia NP,2019-01-01,2019,-1.7510876054652464,False,3697115,4891824.699400097
Acadia NP,2020-01-01,2020,-3.269031631201246,True,2716441,4946794.173223555
Acadia NP,2021-01-01,2021,-1.0759233484089472,False,4267847,5001914.248345166
Acadia NP,2022-01-01,2022,-1.2324316318118753,False,4216036,5056883.7221686095
Acadia NP,2023-01-01,2023,-1.469220774625533,False,4109452,5111853.195992067
Acadia NP,2024-01-01,2024,-1.3914235077658295,False,4217500,5166822.669815525
Arches NP,2005-01-01,2005,0.4227292784908384,False,834258,779356.1235877126
Arches NP,2006-01-01,2006,0.7119969119493991,False,884904,792433.5503416993
Arches NP,2007-01-01,2007,0.8120361359784914,False,910974,805510.9770956859
Arches NP,2008-01-01,2008,1.2401297875853805,False,979650,818588.4038496725
Arches NP,2009-01-01,2009,1.6853489446719654,False,1050586,831701.6591701098
Arches NP,2010-01-01,2010,1.668822051743346,False,1061517,844779.0859240964
Arches NP,2011-01-01,2011,1.8003223467737735,False,1091673,857856.512678083
Arches NP,2012-01-01,2012,1.9177706460681665,False,1120004,870933.9394320697
Arches NP,2013-01-01,2013,1.9106772346519851,False,1132196,884047.1947525032
Arches NP,2014-01-01,2014,3.3542027469013243,True,1332751,897124.6215064898
Arches NP,2015-01-01,2015,4.157704126785522,True,1450183,910202.0482604764
Arches NP,2016-01-01,2016,5.515123628998658,True,1639555,923279.4750144631
Arches NP,2017-01-01,2017,4.657965322651126,True,1541345,936392.7303349003
Arches NP,2018-01-01,2018,5.792200633957581,True,1701731,949470.157088887
Arches NP,2019-01-01,2019,5.667461824275962,True,1698608,962547.5838428736
Arches NP,2020-01-01,2020,2.20519308377945,False,1262024,975625.0105968602
Arches NP,2021-01-01,2021,6.572566792089511,True,1842349,988738.2659172937
Arches NP,2022-01-01,2022,3.8638931084000614,True,1503638,1001815.6926712804
Arches NP,2023-01-01,2023,3.9231776949328085,True,1524415,1014893.119425267
Arches NP,2024-01-01,2024,3.8111588287886837,True,1522944,1027970.5461792536
Badlands NP,2007-01-01,2007,-1.716296195322011,False,956828,1402317.77492591
Badlands NP,2008-01-01,2008,-2.001026202884515,False,897195,1416590.6120007709
Badlands NP,2009-01-01,2009,-1.6638074469376891,False,999037,1430902.552738849
Badlands NP,2010-01-01,2010,-1.5873788385453709,False,1033148,1445175.38981371
Badlands NP,2011-01-01,2011,-2.023647216563231,False,934181,1459448.226888571
Badlands NP,2012-01-01,2012,-2.0378742596476105,False,944761,1473721.0639634281
Badlands NP,2013-01-01,2013,-1.8626267288669183,False,1004561,1488033.00470151
Badlands NP,2014-01-01,2014,-1.9811514982178209,False,988069,1502305.8417763673
Badlands NP,2015-01-01,2015,-1.561278552290209,False,1111326,1516578.6788512282
Badlands NP,2016-01-01,2016,-1.5244739877310465,False,1135152,1530851.5159260891
Badlands NP,2017-01-01,2017,-1.375443434907036,False,1188147,1545163.4566641673
Badlands NP,2018-01-01,2018,-1.6009743119357263,False,1143880,1559436.2937390283
Badlands NP,2019-01-01,2019,-1.9760093839074688,False,1060807,1573709.1308138855
Badlands NP,2020-01-01,2020,-2.256432178926903,False,1002292,1587981.9678887464
Badlands NP,2021-01-01,2021,-1.1072113960882235,False,1314901,1602293.9086268246
Badlands NP,2022-01-01,2022,-2.014337468729382,False,1093716,1616566.7457016855
Badlands NP,2023-01-01,2023,-1.9274259217595218,False,1130548,1630839.5827765465
Badlands NP,2024-01-01,2024,-1.7546513641032697,False,1189667,1645112.4198514074
Big Bend NP,2008-01-01,2008,-1.6859309369769757,False,531386,633058.2042685598
Big Bend NP,2009-01-01,2009,-1.7651009195568528,False,536885,643331.6505191475
Big Bend NP,2010-01-01,2010,-1.7130727749383292,False,550268,653577.0272444636
Big Bend NP,2011-01-01,2011,-2.5005261801634537,False,513025,663822.4039697759
Big Bend NP,2012-01-01,2012,-3.824922106336099,True,443401,674067.7806950882
Big Bend NP,2013-01-01,2013,-3.4793932888014676,True,474512,684341.2269456759
Big Bend NP,2014-01-01,2014,-3.3238767320513394,True,494136,694586.603670992
Big Bend NP,2015-01-01,2015,-1.9163510309998129,False,589264,704831.9803963043
Big Bend NP,2016-01-01,2016,-1.4972963659324328,False,624781,715077.3571216166
Big Bend NP,2017-01-01,2017,-0.7343980029159111,False,681062,725350.8033722043
Big Bend NP,2018-01-01,2018,-1.3561969878246238,False,653809,735596.1800975166
Big Bend NP,2019-01-01,2019,-1.2306109844950288,False,671628,745841.5568228327
Big Bend NP,2020-01-01,2020,-3.853545214469296,True,523694,756086.933548145
Big Bend NP,2021-01-01,2021,-0.23623381252916997,False,752114,766360.3797987327
Big Bend NP,2022-01-01,2022,-2.122229729420157,False,648622,776605.756524045
Big Bend NP,2023-01-01,2023,-2.1585008628981575,False,656680,786851.1332493573
Big Bend NP,2024-01-01,2024,-0.681794957486325,False,755980,797096.5099746734
Biscayne NP,2014-01-01,2014,-0.15043399281271178,False,532117,553816.0090222098
Biscayne NP,2015-01-01,2015,-0.31579049760641026,False,514329,559879.4818330575
Biscayne NP,2016-01-01,2016,-0.3063998874993186,False,521747,565942.9546439033
Biscayne NP,2017-01-01,2017,-0.8124918597536166,False,454827,572023.0397090279
Biscayne NP,2018-01-01,2018,-0.7066319128281359,False,476160,578086.5125198737
Biscayne NP,2019-01-01,2019,0.8852371228270788,False,711839,584149.9853307214
Biscayne NP,2020-01-01,2020,-1.2910145619545093,False,403994,590213.458141569
Biscayne NP,2021-01-01,2021,0.7889441701145028,False,710093,596293.5432066917
Biscayne NP,2022-01-01,2022,0.7053595537701682,False,704100,602357.0160175394
Biscayne NP,2023-01-01,2023,-0.229949128317838,False,575252,608420.4888283871
Biscayne NP,2024-01-01,2024,-0.6964854677792532,False,514021,614483.9616392348
Black Canyon of the Gunnison NP,2006-01-01,2006,-2.2617562360036225,False,173313,331490.41007719
Black Canyon of the Gunnison NP,2007-01-01,2007,-1.4447563296367925,False,234953,335992.9842285253
Black Canyon of the Gunnison NP,2008-01-01,2008,-2.3806247584128126,False,174005,340495.5583798606
Black Canyon of the Gunnison NP,2009-01-01,2009,-2.274025488928038,False,185975,345010.4683507886
Black Canyon of the Gunnison NP,2010-01-01,2010,-2.2416181888328115,False,192744,349513.04250212386
Black Canyon of the Gunnison NP,2011-01-01,2011,-2.395939667970711,False,186454,354015.61665345915
Black Canyon of the Gunnison NP,2012-01-01,2012,-2.0911534326115424,False,212272,358518.19080479443
Black Canyon of the Gunnison NP,2013-01-01,2013,-2.4072283888815127,False,194682,363033.1007757224
Black Canyon of the Gunnison NP,2014-01-01,2014,-2.38857658963798,False,200489,367535.6749270577
Black Canyon of the Gunnison NP,2015-01-01,2015,-2.0114667333766625,False,231365,372038.249078393
Black Canyon of the Gunnison NP,2016-01-01,2016,-1.5105144728778,False,270902,376540.82322972827
Black Canyon of the Gunnison NP,2017-01-01,2017,-0.5884370650635654,False,339903,381055.73320065625
Black Canyon of the Gunnison NP,2018-01-01,2018,-0.6069908928638026,False,343108,385558.30735199153
Black Canyon of the Gunnison NP,2019-01-01,2019,1.067940459554607,False,464748,390060.8815033268
Black Canyon of the Gunnison NP,2020-01-01,2020,-0.2970938762512814,False,373786,394563.4556546621
Black Canyon of the Gunnison NP,2021-01-01,2021,-0.819158172718236,False,341790,399078.3656255901
Black Canyon of the Gunnison NP,2022-01-01,2022,-1.098723344122232,False,326741,403580.93977692537
Black Canyon of the Gunnison NP,2023-01-01,2023,-0.26093289904608524,False,389835,408083.51392826065
Black Canyon of the Gunnison NP,2024-01-01,2024,-0.6588783111477651,False,366507,412586.08807959594
Bryce Canyon NP,2005-01-01,2005,0.23726672762212814,False,1631996,1574059.0558408275
Bryce Canyon NP,2006-01-01,2006,-0.3526131988219869,False,1512830,1598932.806805998
Bryce Canyon NP,2007-01-01,2007,-0.010183095328371148,False,1621320,1623806.5577711686
Bryce Canyon NP,2008-01-01,2008,0.027342772568787997,False,1655357,1648680.3087363318
Bryce Canyon NP,2009-01-01,2009,0.5664961761881424,False,1811952,1673622.2069644183
Bryce Canyon NP,2010-01-01,2010,0.9452102645767239,False,1929302,1698495.9579295889
Bryce Canyon NP,2011-01-01,2011,0.12060653697686953,False,1752820,1723369.7088947594
Bryce Canyon NP,2012-01-01,2012,0.8412418970190029,False,1953662,1748243.45985993
Bryce Canyon NP,2013-01-01,2013,0.7989260140360335,False,1968271,1773185.3580880165
Bryce Canyon NP,2014-01-01,2014,0.8814382898418751,False,2013293,1798059.109053187
Bryce Canyon NP,2015-01-01,2015,2.0164727956539377,False,2315325,1822932.8600183576
Bryce Canyon NP,2016-01-01,2016,4.534840368473429,True,2955146,1847806.6109835207
Bryce Canyon NP,2017-01-01,2017,5.212061296556538,True,3145455,1872748.5092116073
Bryce Canyon NP,2018-01-01,2018,5.474277583781792,True,3234358,1897622.2601767778
Bryce Canyon NP,2019-01-01,2019,4.901106309524072,True,3119272,1922496.0111419484
Bryce Canyon NP,2020-01-01,2020,0.09409361948629871,False,1970346,1947369.762107119
Bryce Canyon NP,2021-01-01,2021,2.910071170522635,False,2682907,1972311.6603352055
Bryce Canyon NP,2022-01-01,2022,3.6913286330930046,True,2898552,1997185.411300376
Bryce Canyon NP,2023-01-01,2023,4.054746933266835,True,3012167,2022059.1622655466
Bryce Canyon NP,2024-01-01,2024,4.118593023615455,True,3052631,2046932.9132307097
Canyonlands NP,2013-01-01,2013,-1.3586114328134549,False,548879,649621.1960168406
Canyonlands NP,2014-01-01,2014,-0.1813180459584824,False,650237,663681.8876891285
Canyonlands NP,2015-01-01,2015,0.7362750226969957,False,732338,677742.5793614164
Canyonlands NP,2016-01-01,2016,2.600681210728903,False,884646,691803.2710337043
Canyonlands NP,2017-01-01,2017,1.907847448825502,False,847371,705902.4851489328
Canyonlands NP,2018-01-01,2018,1.6454945424824572,False,841978,719963.1768212207
Canyonlands NP,2019-01-01,2019,1.2824549987775478,False,829119,734023.8684935085
Canyonlands NP,2020-01-01,2020,-2.484011361308511,False,563893,748084.5601657964
Canyonlands NP,2021-01-01,2021,3.482822069667264,True,1020438,762183.7742810249
Canyonlands NP,2022-01-01,2022,1.357240417286823,False,876885,776244.4659533128
Canyonlands NP,2023-01-01,2023,1.316462846043622,False,887922,790305.1576256007
Canyonlands NP,2024-01-01,2024,1.3851782842754548,False,907078,804365.8492978923
Capitol Reef NP,2008-01-01,2008,-0.9871399107491754,False,689881,774843.7438240238
Capitol Reef NP,2009-01-01,2009,-1.0159663723385464,False,700472,787915.8260340542
Capitol Reef NP,2010-01-01,2010,-0.5997609862912006,False,749331,800952.1921724752
Capitol Reef NP,2011-01-01,2011,-0.7169378450138193,False,752282,813988.5583108962
Capitol Reef NP,2012-01-01,2012,-0.9089843383381561,False,748789,827024.9244493134
Capitol Reef NP,2013-01-01,2013,-1.0844014547646932,False,746763,840097.0066593476
Capitol Reef NP,2014-01-01,2014,0.2665357504914,False,876074,853133.3727977648
Capitol Reef NP,2015-01-01,2015,1.9271176844519096,False,1032036,866169.7389361858
Capitol Reef NP,2016-01-01,2016,3.2706306661650473,True,1160708,879206.1050746068
Capitol Reef NP,2017-01-01,2017,4.13583640708513,True,1248248,892278.1872846372
Capitol Reef NP,2018-01-01,2018,5.068054375622857,True,1341520,905314.5534230582
Capitol Reef NP,2019-01-01,2019,4.8965610144540515,True,1339796,918350.9195614792
Capitol Reef NP,2020-01-01,2020,1.7591891051690904,False,1082800,931387.2856998965
Capitol Reef NP,2021-01-01,2021,6.674291360992869,True,1518913,944459.3679099306
Capitol Reef NP,2022-01-01,2022,4.590148385023279,True,1352568,957495.7340483479
Capitol Reef NP,2023-01-01,2023,5.120540420491189,True,1411255,970532.1001867689
Capitol Reef NP,2024-01-01,2024,6.964415860888287,True,1582993,983568.4663251899
Carlsbad Caverns NP,2004-01-01,2004,-2.6785242850876467,False,419754,840714.1208830774
Carlsbad Caverns NP,2005-01-01,2005,-2.772436847987454,False,413923,849642.5330156609
Carlsbad Caverns NP,2006-01-01,2006,-2.870202813560165,False,407462,858546.550579574
Carlsbad Caverns NP,2007-01-01,2007,-2.912917027280579,False,409653,867450.5681434907
Carlsbad Caverns NP,2008-01-01,2008,-3.0280218767873603,True,400467,876354.5857074037
Carlsbad Caverns NP,2009-01-01,2009,-2.879400040085349,False,432753,885282.9978399873
Carlsbad Caverns NP,2010-01-01,2010,-2.961882336223355,False,428694,894187.015403904
Carlsbad Caverns NP,2011-01-01,2011,-3.423134937986047,True,365107,903091.032967817
Carlsbad Caverns NP,2012-01-01,2012,-3.3773349445846805,True,381209,911995.0505317338
Carlsbad Caverns NP,2013-01-01,2013,-3.3862138029358952,True,388742,920923.4626643173
Carlsbad Caverns NP,2014-01-01,2014,-3.387429227291879,True,397455,929827.4802282304
Carlsbad Caverns NP,2015-01-01,2015,-3.1361205097427693,True,445855,938731.4977921471
Carlsbad Caverns NP,2016-01-01,2016,-3.0580797365637884,True,467024,947635.5153560601
Carlsbad Caverns NP,2017-01-01,2017,-2.7763589001799858,False,520228,956563.9274886437
Carlsbad Caverns NP,2018-01-01,2018,-3.177450346861368,True,466096,965467.9450525604
Carlsbad Caverns NP,2019-01-01,2019,-3.394323309998065,True,440916,974371.9626164734
Carlsbad Caverns NP,2020-01-01,2020,-5.086019470440647,True,183951,983275.9801803902
Carlsbad Caverns NP,2021-01-01,2021,-4.089872987041282,True,349435,992204.3923129737
Carlsbad Caverns NP,2022-01-01,2022,-3.8820673702104007,True,390998,1001108.4098768868
Carlsbad Caverns NP,2023-01-01,2023,-3.9188513674807033,True,394121,1010012.4274408035
Carlsbad Caverns NP,2024-01-01,2024,-3.553309628548708,True,460474,1018916.4450047202
Channel Islands NP,2012-01-01,2012,-2.6638857392446944,False,304085,679371.9372917376
Channel Islands NP,2013-01-01,2013,-2.98702872232353,False,273728,694539.164791584
Channel Islands NP,2014-01-01,2014,-2.192554017295359,False,400779,709664.9517791383
Channel Islands NP,2015-01-01,2015,-2.2818415675494834,False,403326,724790.7387666963
Channel Islands NP,2016-01-01,2016,-2.1876602893942065,False,431720,739916.5257542506
Channel Islands NP,2017-01-01,2017,-2.1015954538104484,False,459012,755083.753254097
Channel Islands NP,2018-01-01,2018,-2.476758486532886,False,421285,770209.5402416512
Channel Islands NP,2019-01-01,2019,-2.093166790460364,False,490451,785335.3272292055
Channel Islands NP,2020-01-01,2020,-4.029074806514257,True,232847,800461.1142167598
Channel Islands NP,2021-01-01,2021,-2.8864404796972276,False,408988,815628.3417166099
Channel Islands NP,2022-01-01,2022,-2.917529363795545,False,419734,830754.1287041642
Channel Islands NP,2023-01-01,2023,-3.0337122361699325,True,418492,845879.9156917185
Channel Islands NP,2024-01-01,2024,-3.433215215989354,True,377336,861005.7026792727
Congaree NP,2017-01-01,2017,1.1961004626221938,False,170835,150890.1791201746
Congaree NP,2018-01-01,2018,0.01463707521981936,False,155172,154927.9286593506
Congaree NP,2019-01-01,2019,0.6063208417295937,False,169076,158965.6781985266
Congaree NP,2020-01-01,2020,-2.239983014430354,False,125652,163003.42773770262
Congaree NP,2021-01-01,2021,3.7546773533146784,True,229661,167052.2396043837
Congaree NP,2022-01-01,2022,2.879603143351245,False,219107,171089.9891435597
Congaree NP,2023-01-01,2023,5.244014270419856,True,262571,175127.7386827357
Congaree NP,2024-01-01,2024,4.52768191848752,True,254664,179165.4882219117
Crater Lake NP,2000-01-01,2000,-1.4412941904825718,False,549500,654041.7540259808
Crater Lake NP,2001-01-01,2001,-1.057416768009617,False,584719,661416.8763906602
Crater Lake NP,2002-01-01,2002,-1.1621545482470081,False,584477,668771.8481477853
Crater Lake NP,2003-01-01,2003,-1.0335510726273844,False,601160,676126.8199049104
Crater Lake NP,2004-01-01,2004,-1.9757530328221458,False,540174,683481.7916620355
Crater Lake NP,2005-01-01,2005,-1.9244678972794234,False,551269,690856.914026713
Crater Lake NP,2006-01-01,2006,-2.7262928608930257,False,500465,698211.8857838381
Crater Lake NP,2007-01-01,2007,-1.5980788827083894,False,589653,705566.8575409632
Crater Lake NP,2008-01-01,2008,-2.467500429924174,False,533946,712921.8292980883
Crater Lake NP,2009-01-01,2009,-1.9870603985281745,False,576169,720296.9516627677
Crater Lake NP,2010-01-01,2010,-2.0578964861125435,False,578386,727651.9234198928
Crater Lake NP,2011-01-01,2011,-2.5202495594474037,False,552205,735006.895177016
Crater Lake NP,2012-01-01,2012,-2.1942469641018874,False,583206,742361.8669341411
Crater Lake NP,2013-01-01,2013,-1.1451573942079014,False,666675,749736.9892988205
Crater Lake NP,2014-01-01,2014,-1.1263104762176837,False,675397,757091.9610559456
Crater Lake NP,2015-01-01,2015,0.012284947500798043,False,765338,764446.9328130707
Crater Lake NP,2016-01-01,2016,1.8165474823888064,False,903562,771801.9045701958
Crater Lake NP,2017-01-01,2017,0.7767330415782057,False,835516,779177.0269348733
Crater Lake NP,2018-01-01,2018,0.9614349260653146,False,856268,786531.9986919984
Crater Lake NP,2019-01-01,2019,0.19920559535105353,False,808336,793886.9704491235
Crater Lake NP,2020-01-01,2020,-0.4943655696812027,False,765384,801241.9422062486
Crater Lake NP,2021-01-01,2021,-0.7170651181944263,False,756606,808617.064570928
Crater Lake NP,2022-01-01,2022,-2.509015279555903,False,633985,815972.0363280512
Crater Lake NP,2023-01-01,2023,-1.8633799707221135,False,688170,823327.0080851763
Crater Lake NP,2024-01-01,2024,-2.8313632099982704,False,625314,830681.9798423015
Cuyahoga Valley NP,2015-01-01,2015,-1.463057948712718,False,2293188,3351790.8889647275
Cuyahoga Valley NP,2016-01-01,2016,-1.3620996206461713,False,2432732,3418285.9862535745
Cuyahoga Valley NP,2017-01-01,2017,-1.7267758054735909,False,2235546,3484963.2618911564
Cuyahoga Valley NP,2018-01-01,2018,-1.9973828750607296,False,2106242,3551458.3591800034
Cuyahoga Valley NP,2019-01-01,2019,-1.8944523403106803,False,2247213,3617953.4564688653
Cuyahoga Valley NP,2020-01-01,2020,-1.2807313310477362,False,2757769,3684448.5537577122
Cuyahoga Valley NP,2021-01-01,2021,-1.6176528875510214,False,2580665,3751125.8293952793
Cuyahoga Valley NP,2022-01-01,2022,-1.235484422061124,False,2923680,3817620.9266841263
Cuyahoga Valley NP,2023-01-01,2023,-1.401957043867315,False,2869723,3884116.023972973
Cuyahoga Valley NP,2024-01-01,2024,-1.4228014819013788,False,2921136,3950611.12126182
Death Valley NP,2006-01-01,2006,-2.510359464052613,False,984157,1369447.667587459
Death Valley NP,2007-01-01,2007,-3.017572506848927,True,927045,1390182.8662322983
Death Valley NP,2008-01-01,2008,-2.014278769727949,False,1101766,1410918.0648771375
Death Valley NP,2009-01-01,2009,-2.349846363108903,False,1071055,1431710.072285384
Death Valley NP,2010-01-01,2010,-1.3701452338137328,False,1242155,1452445.2709302232
Death Valley NP,2011-01-01,2011,-1.7436147083028506,False,1205570,1473180.4695750624
Death Valley NP,2012-01-01,2012,-1.9060277494030167,False,1201378,1493915.6682199016
Death Valley NP,2013-01-01,2013,-2.459095600845637,False,1137285,1514707.6756281555
Death Valley NP,2014-01-01,2014,-1.4901059455260612,False,1306741,1535442.8742729947
Death Valley NP,2015-01-01,2015,-0.9398085220469274,False,1411936,1556178.072917834
Death Valley NP,2016-01-01,2016,0.07602754317807715,False,1588582,1576913.2715626732
Death Valley NP,2017-01-01,2017,-0.15774846995913305,False,1573494,1597705.2789709195
Death Valley NP,2018-01-01,2018,2.21957848631709,False,1959102,1618440.4776157588
Death Valley NP,2019-01-01,2019,2.458448274099465,False,2016499,1639175.676260598
Death Valley NP,2020-01-01,2020,-4.222105176993885,True,1011901,1659910.8749054447
Death Valley NP,2021-01-01,2021,-1.874409446517672,False,1393018,1680702.882313691
Death Valley NP,2022-01-01,2022,-2.0935985120845846,False,1380112,1701438.0809585303
Death Valley NP,2023-01-01,2023,-2.609294729525804,False,1321698,1722173.2796033695
Death Valley NP,2024-01-01,2024,-0.23121197581577949,False,1707422,1742908.4782482088
Denali NP & PRES,2004-01-01,2004,0.13795974576193776,False,1304297,1253687.7833063677
Denali NP & PRES,2005-01-01,2005,0.05437121280991027,False,1294170,1274224.4392438903
Denali NP & PRES,2006-01-01,2006,-0.03875522365338987,False,1280488,1294704.984099619
Denali NP & PRES,2007-01-01,2007,-0.10188496896941703,False,1277810,1315185.5289553478
Denali NP & PRES,2008-01-01,2008,-0.14858522886701536,False,1281159,1335666.073811084
Denali NP & PRES,2009-01-01,2009,-0.2224719966615415,False,1274591,1356202.7297486067
Denali NP & PRES,2010-01-01,2010,-0.05345722924567413,False,1357073,1376683.2746043354
Denali NP & PRES,2011-01-01,2011,-0.04126267705339093,False,1382027,1397163.8194600642
Denali NP & PRES,2012-01-01,2012,-0.09175477604457856,False,1383985,1417644.3643158004
Denali NP & PRES,2013-01-01,2013,0.1120023120352047,False,1479268,1438181.020253323
Denali NP & PRES,2014-01-01,2014,0.05863702943178495,False,1480172,1458661.5651090518
Denali NP & PRES,2015-01-01,2015,0.08006447810860227,False,1508513,1479142.1099647805
Denali NP & PRES,2016-01-01,2016,0.03917328299061489,False,1513993,1499622.6548205167
Denali NP & PRES,2017-01-01,2017,-0.06523083825663038,False,1496230,1520159.3107580394
Denali NP & PRES,2018-01-01,2018,-0.3015285047949873,False,1430027,1540639.855613768
Denali NP & PRES,2019-01-01,2019,-0.3258893532102041,False,1441571,1561120.4004694968
Denali NP & PRES,2020-01-01,2020,-2.5966845192115864,False,629032,1581600.9453252256
Denali NP & PRES,2021-01-01,2021,-0.5381020427382192,False,1404740,1602137.6012627557
Denali NP & PRES,2022-01-01,2022,-0.6496043148089137,False,1384317,1622618.1461184844
Denali NP & PRES,2023-01-01,2023,-0.6747202598660602,False,1395584,1643098.6909742132
Denali NP & PRES,2024-01-01,2024,-0.7182256704338851,False,1400105,1663579.235829942
Dry Tortugas NP,2007-01-01,2007,-1.1742228039409623,False,75817,102663.46358641144
Dry Tortugas NP,2008-01-01,2008,-0.8888469349542054,False,84151,104472.86463510478
Dry Tortugas NP,2009-01-01,2009,-1.7670432798684637,False,65887,106287.22294694511
Dry Tortugas NP,2010-01-01,2010,-1.7346068884905044,False,68438,108096.62399563845
Dry Tortugas NP,2011-01-01,2011,0.28495493029933405,False,116421,109906.0250443318
Dry Tortugas NP,2012-01-01,2012,-1.1143869594093385,False,86237,111715.42609302513
Dry Tortugas NP,2013-01-01,2013,-1.6167825103386773,False,76565,113529.78440486547
Dry Tortugas NP,2014-01-01,2014,-1.2227165839668497,False,87384,115339.1854535588
Dry Tortugas NP,2015-01-01,2015,-0.48167350458264246,False,106136,117148.58650225215
Dry Tortugas NP,2016-01-01,2016,-0.41643327294761967,False,109437,118957.98755094549
Dry Tortugas NP,2017-01-01,2017,-2.3038506979838558,False,68099,120772.34586278582
Dry Tortugas NP,2018-01-01,2018,-1.959209224266004,False,77788,122581.74691147916
Dry Tortugas NP,2019-01-01,2019,-1.0662624952647546,False,100013,124391.1479601725
Dry Tortugas NP,2020-01-01,2020,-2.8481409008244434,False,61083,126200.54900886538
Dry Tortugas NP,2021-01-01,2021,-1.220911142265219,False,100101,128014.90732070571
Dry Tortugas NP,2022-01-01,2022,-1.4940753267220637,False,95665,129824.30836939905
Dry Tortugas NP,2023-01-01,2023,-1.3246938368842829,False,101347,131633.7094180924
Dry Tortugas NP,2024-01-01,2024,-1.4267969290139602,False,100822,133443.11046678573
Everglades NP,2009-01-01,2009,-1.8180785361646077,False,937409,1379165.05779529
Everglades NP,2010-01-01,2010,-1.8210053773828285,False,953166,1395633.2206040658
Everglades NP,2011-01-01,2011,-1.8281177545742453,False,967906,1412101.3834128417
Everglades NP,2012-01-01,2012,-1.0458676793339923,False,1174445,1428569.5462216176
Everglades NP,2013-01-01,2013,-1.5233368360004802,False,1074943,1445082.827284664
Everglades NP,2014-01-01,2014,-1.320246410998207,False,1140758,1461550.9900934398
Everglades NP,2015-01-01,2015,-1.4895740294713524,False,1116083,1478019.1529022157
Everglades NP,2016-01-01,2016,-2.182427005866177,False,964202,1494487.315710988
Everglades NP,2017-01-01,2017,-1.8558287739827752,False,1060072,1511000.5967740342
Everglades NP,2018-01-01,2018,-3.751325753342582,True,615973,1527468.75958281
Everglades NP,2019-01-01,2019,-1.5601345500710688,False,1164856,1543936.922391586
Everglades NP,2020-01-01,2020,-3.2434532530315474,True,772312,1560405.085200362
Everglades NP,2021-01-01,2021,-2.31849623097412,False,1013571,1576918.3662634082
Everglades NP,2022-01-01,2022,-1.4620753304546754,False,1238132,1593386.529072184
Everglades NP,2023-01-01,2023,-2.938561884084834,False,895844,1609854.69188096
Everglades NP,2024-01-01,2024,-3.422681317226427,True,794681,1626322.854689736
Gates of the Arctic NP & PRES,2016-01-01,2016,0.05841524735000543,False,18018,17774.263733926346
Gates of the Arctic NP & PRES,2017-01-01,2017,-0.11610321667907506,False,17532,18016.437981456285
Gates of the Arctic NP & PRES,2018-01-01,2018,-0.2650585241890709,False,17152,18257.950550714333
Gates of the Arctic NP & PRES,2019-01-01,2019,-0.9403199298724892,False,14576,18499.463119972323
Gates of the Arctic NP & PRES,2020-01-01,2020,-3.5429737041855875,True,3958,18740.975689230312
Gates of the Arctic NP & PRES,2021-01-01,2021,-2.3940576171610632,False,8994,18983.149936760252
Gates of the Arctic NP & PRES,2022-01-01,2022,-1.378237133631472,False,13474,19224.66250601824
Gates of the Arctic NP & PRES,2023-01-01,2023,-1.059604464121261,False,15045,19466.17507527629
Gates of the Arctic NP & PRES,2024-01-01,2024,-1.0122734809190186,False,15484,19707.68764453428
Gateway Arch NP,2008-01-01,2008,-2.359882184176219,False,2245851,4034540.6354656965
Gateway Arch NP,2009-01-01,2009,-1.9379852396095203,False,2630522,4099431.818896368
Gateway Arch NP,2010-01-01,2010,-1.9072300523378187,False,2718547,4164145.704011664
Gateway Arch NP,2011-01-01,2011,-2.2808420375109955,False,2500079,4228859.589126959
Gateway Arch NP,2012-01-01,2012,-2.0470912128618663,False,2741966,4293573.47424224
Gateway Arch NP,2013-01-01,2013,-2.2685604314366303,False,2638993,4358464.657672927
Gateway Arch NP,2014-01-01,2014,-3.209100224324063,True,1990818,4423178.5427882075
Gateway Arch NP,2015-01-01,2015,-3.679939338358757,True,1698656,4487892.427903503
Gateway Arch NP,2016-01-01,2016,-4.328412498622258,True,1271855,4552606.313018799
Gateway Arch NP,2017-01-01,2017,-4.247350113393179,True,1398188,4617497.4964494705
Gateway Arch NP,2018-01-01,2018,-3.5173905159747703,True,2016180,4682211.381564766
Gateway Arch NP,2019-01-01,2019,-3.5511455696020735,True,2055309,4746925.266680047
Gateway Arch NP,2020-01-01,2020,-5.7069426744419,True,486021,4811639.151795343
Gateway Arch NP,2021-01-01,2021,-4.923034512392331,True,1145081,4876530.335226014
Gateway Arch NP,2022-01-01,2022,-4.3834537445609705,True,1618774,4941244.22034131
Gateway Arch NP,2023-01-01,2023,-3.408005343885004,True,2422836,5005958.105456606
Gateway Arch NP,2024-01-01,2024,-3.3083927044134915,True,2563052,5070671.990571886
Glacier Bay NP & PRES,2011-01-01,2011,-0.38137774723617734,False,466723,484266.10291818157
Glacier Bay NP & PRES,2012-01-01,2012,-0.02422967859809952,False,493569,494683.5478423983
Glacier Bay NP & PRES,2013-01-01,2013,0.5148877276548476,False,528814,505129.5337116085
Glacier Bay NP & PRES,2014-01-01,2014,0.7618166869651549,False,550590,515546.9786358252
Glacier Bay NP & PRES,2015-01-01,2015,1.2566842935897882,False,583771,525964.4235600382
Glacier Bay NP & PRES,2016-01-01,2016,0.511054303279186,False,559890,536381.8684842549
Glacier Bay NP & PRES,2017-01-01,2017,0.8075374927259703,False,583974,546827.8543534651
Glacier Bay NP & PRES,2018-01-01,2018,1.7809995158891547,False,639170,557245.2992776819
Glacier Bay NP & PRES,2019-01-01,2019,3.088184132206385,True,709717,567662.7442018948
Glacier Bay NP & PRES,2020-01-01,2020,-12.189563679604548,True,17369,578080.1891261116
Glacier Bay NP & PRES,2021-01-01,2021,-10.045877784126159,True,126423,588526.1749953255
Glacier Bay NP & PRES,2022-01-01,2022,-0.4078893996424168,False,580181,598943.6199195385
Glacier Bay NP & PRES,2023-01-01,2023,2.71536700267538,False,734266,609361.0648437552
Glacier Bay NP & PRES,2024-01-01,2024,3.360780434170784,True,774372,619778.5097679682
Glacier NP,2002-01-01,2002,-0.28246709199521614,False,2233342,2313575.9788533375
Glacier NP,2003-01-01,2003,-1.5513552055225128,False,1903771,2344429.0599343255
Glacier NP,2004-01-01,2004,-0.06884117462447505,False,2355728,2375282.1410153136
Glacier NP,2005-01-01,2005,-0.48722101257008793,False,2267826,2406219.7510855645
Glacier NP,2006-01-01,2006,-0.4675203450139674,False,2304275,2437072.8321665525
Glacier NP,2007-01-01,2007,-0.1584346459943317,False,2422923,2467925.9132475406
Glacier NP,2008-01-01,2008,-1.2088203205894874,False,2155417,2498778.9943285286
Glacier NP,2009-01-01,2009,-0.33713979089768903,False,2433953,2529716.6043987796
Glacier NP,2010-01-01,2010,0.10665240648431701,False,2590864,2560569.6854797676
Glacier NP,2011-01-01,2011,-1.3464445463998431,False,2208969,2591422.766560748
Glacier NP,2012-01-01,2012,-0.267641627717473,False,2546253,2622275.8476417363
Glacier NP,2013-01-01,2013,-0.2662602024912975,False,2577583,2653213.457711987
Glacier NP,2014-01-01,2014,0.12093576177585957,False,2718418,2684066.5387929752
Glacier NP,2015-01-01,2015,0.08511396152566743,False,2739096,2714919.6198739633
Glacier NP,2016-01-01,2016,2.1792975202958873,False,3364796,2745772.7009549513
Glacier NP,2017-01-01,2017,3.2671604517449895,True,3704738,2776710.3110252023
Glacier NP,2018-01-01,2018,1.8730466594483983,False,3339597,2807563.3921061903
Glacier NP,2019-01-01,2019,2.1984043035698524,False,3462867,2838416.4731871784
Glacier NP,2020-01-01,2020,-3.8141993954288904,True,1785857,2869269.5542681664
Glacier NP,2021-01-01,2021,1.578582287751818,False,3348599,2900207.1643384174
Glacier NP,2022-01-01,2022,1.1954660607590781,False,3270629,2931060.245419398
Glacier NP,2023-01-01,2023,1.3961507512044844,False,3358486,2961913.326500386
Glacier NP,2024-01-01,2024,2.252546949882036,False,3632596,2992766.407581374
Grand Canyon NP,2003-01-01,2003,0.3768611855966567,False,5637247,5362276.835413575
Grand Canyon NP,2004-01-01,2004,0.6197730533382955,False,5892507,5440300.4449183345
Grand Canyon NP,2005-01-01,2005,0.1866188587386803,False,5654701,5518537.817736834
Grand Canyon NP,2006-01-01,2006,-0.04617314577185772,False,5562872,5596561.427241623
Grand Canyon NP,2007-01-01,2007,0.19166904640109217,False,5814433,5674585.036746383
Grand Canyon NP,2008-01-01,2008,0.051309877711996354,False,5790046,5752608.646251172
Grand Canyon NP,2009-01-01,2009,-0.1949324096069394,False,5688617,5830846.019069642
Grand Canyon NP,2010-01-01,2010,-0.26413246623160536,False,5716150,5908869.628574431
Grand Canyon NP,2011-01-01,2011,-0.36836522823910584,False,5718122,5986893.23807919
Grand Canyon NP,2012-01-01,2012,-0.4016938010413079,False,5771828,6064916.847583979
Grand Canyon NP,2013-01-01,2013,-0.6424059069815847,False,5674434,6143154.220402449
Grand Canyon NP,2014-01-01,2014,-0.3709673489759451,False,5950508,6221177.8299072385
Grand Canyon NP,2015-01-01,2015,0.6647066411822138,False,6784193,6299201.439412028
Grand Canyon NP,2016-01-01,2016,1.2943570444593808,False,7321630,6377225.048916787
Grand Canyon NP,2017-01-01,2017,1.4674368198373298,False,7526152,6455462.421735287
Grand Canyon NP,2018-01-01,2018,1.5710772027821434,False,7679795,6533486.031240046
Grand Canyon NP,2019-01-01,2019,0.7352733984108262,False,7147989,6611509.640744835
Grand Canyon NP,2020-01-01,2020,-4.558040251262378,True,3363839,6689533.250249594
Grand Canyon NP,2021-01-01,2021,-1.7399836814358027,False,5498222,6767770.623068094
Grand Canyon NP,2022-01-01,2022,-1.436008195070924,False,5798036,6845794.232572854
Grand Canyon NP,2023-01-01,2023,-1.4251076518209072,False,5884013,6923817.842077643
Grand Canyon NP,2024-01-01,2024,-1.2139761671792297,False,6116085,7001841.451582402
Grand Teton NP,2005-01-01,2005,-0.8809769142300163,False,4389449,4821971.439888746
Grand Teton NP,2006-01-01,2006,-0.9993840768046596,False,4401960,4892615.353509814
Grand Teton NP,2007-01-01,2007,-0.8108157383357378,False,4565183,4963259.267130882
Grand Teton NP,2008-01-01,2008,-1.3201791525479747,False,4385751,5033903.18075195
Grand Teton NP,2009-01-01,2009,-1.4391149654414042,False,4398196,5104740.639341831
Grand Teton NP,2010-01-01,2010,-1.335531537301731,False,4519695,5175384.552962899
Grand Teton NP,2011-01-01,2011,-1.824968593117097,False,4350046,5246028.466583967
Grand Teton NP,2012-01-01,2012,-1.8387740859103539,False,4413912,5316672.380205035
Grand Teton NP,2013-01-01,2013,-1.5163949346031484,False,4643024,5387509.838794917
Grand Teton NP,2014-01-01,2014,-1.2459315647468214,False,4846454,5458153.752415985
Grand Teton NP,2015-01-01,2015,-0.5085441021890051,False,5279124,5528797.666037053
Grand Teton NP,2016-01-01,2016,-0.500294743840351,False,5353818,5599441.579658121
Grand Teton NP,2017-01-01,2017,-0.12104715479005713,False,5610850,5670279.0382480025
Grand Teton NP,2018-01-01,2018,-0.3780405818360375,False,5555321,5740922.9518690705
Grand Teton NP,2019-01-01,2019,-0.47353131199493986,False,5579083,5811566.8654901385
Grand Teton NP,2020-01-01,2020,-1.9633619948144463,False,4918283,5882210.7791112065
Grand Teton NP,2021-01-01,2021,0.31423226057038606,False,6107323,5953048.237701088
Grand Teton NP,2022-01-01,2022,-2.1211176731344734,False,4982313,6023692.151322156
Grand Teton NP,2023-01-01,2023,-1.045739820510384,False,5580922,6094336.064943224
Grand Teton NP,2024-01-01,2024,-0.8504112261364011,False,5747464,6164979.978564292
Great Basin NP,2006-01-01,2006,-0.5182840100239413,False,106821,116963.25997455139
Great Basin NP,2007-01-01,2007,-0.3589971344169314,False,111833,118858.18734314665
Great Basin NP,2008-01-01,2008,-1.2835716348927966,False,95635,120753.11471174145
Great Basin NP,2009-01-01,2009,-0.35726205269186917,False,115662,122653.23366216803
Great Basin NP,2010-01-01,2010,0.04879363880879072,False,125503,124548.1610307633
Great Basin NP,2011-01-01,2011,0.08834985886833582,False,128172,126443.0883993581
Great Basin NP,2012-01-01,2012,0.16960484756923597,False,131657,128338.01576795336
Great Basin NP,2013-01-01,2013,-0.07088457070606619,False,128851,130238.13471837994
Great Basin NP,2014-01-01,2014,0.7459755339171974,False,146731,132133.0620869752
Great Basin NP,2015-01-01,2015,1.2004242816720303,False,157519,134027.98945557
Great Basin NP,2016-01-01,2016,2.758766166915891,False,189909,135922.91682416527
Great Basin NP,2017-01-01,2017,3.742104947405763,True,211052,137823.03577459184
Great Basin NP,2018-01-01,2018,3.419811926350574,True,206640,139717.9631431871
Great Basin NP,2019-01-01,2019,1.5335084726507504,False,171622,141612.8905117819
Great Basin NP,2020-01-01,2020,0.7150205453360163,False,157500,143507.81788037717
Great Basin NP,2021-01-01,2021,2.813494778389821,False,200465,145407.93683080375
Great Basin NP,2022-01-01,2022,2.3441829370144767,False,193176,147302.86419939902
Great Basin NP,2023-01-01,2023,2.1983431612027933,False,192217,149197.79156799382
Great Basin NP,2024-01-01,2024,2.444093660022074,False,198921,151092.71893658908
Great Sand Dunes NP & PRES,2006-01-01,2006,-1.8265652394581955,False,300099,370474.4091006145
Great Sand Dunes NP & PRES,2007-01-01,2007,-1.1603922356527514,False,331507,376215.54724327475
Great Sand Dunes NP & PRES,2008-01-01,2008,-1.6135890039608898,False,319787,381956.685385935
Great Sand Dunes NP & PRES,2009-01-01,2009,-1.1938218949387343,False,341717,387713.5526741911
Great Sand Dunes NP & PRES,2010-01-01,2010,-1.5540233494488072,False,333580,393454.69081685133
Great Sand Dunes NP & PRES,2011-01-01,2011,-1.864521754580344,False,327358,399195.8289595116
Great Sand Dunes NP & PRES,2012-01-01,2012,-2.8667879796001974,False,294483,404936.96710217185
Great Sand Dunes NP & PRES,2013-01-01,2013,-3.486917672875965,True,276347,410693.8343904298
Great Sand Dunes NP & PRES,2014-01-01,2014,-2.4425083564891077,False,322328,416434.97253309004
Great Sand Dunes NP & PRES,2015-01-01,2015,-1.7756864878092704,False,353761,422176.1106757503
Great Sand Dunes NP & PRES,2016-01-01,2016,0.5479469511467338,False,449029,427917.24881841056
Great Sand Dunes NP & PRES,2017-01-01,2017,2.736156343435652,False,539095,433674.1161066685
Great Sand Dunes NP & PRES,2018-01-01,2018,1.7019919211906185,False,504991,439415.25424932875
Great Sand Dunes NP & PRES,2019-01-01,2019,3.8133686824350463,True,592081,445156.392391989
Great Sand Dunes NP & PRES,2020-01-01,2020,1.3164811511424062,False,501620,450897.53053464927
Great Sand Dunes NP & PRES,2021-01-01,2021,5.98475591174294,True,687240,456654.39782290533
Great Sand Dunes NP & PRES,2022-01-01,2022,2.7769201148749136,False,569387,462395.5359655656
Great Sand Dunes NP & PRES,2023-01-01,2023,3.1392167207044293,True,589087,468136.67410822585
Great Sand Dunes NP & PRES,2024-01-01,2024,1.1163120028586493,False,516888,473877.812250888
Great Smoky Mountains NP,2006-01-01,2006,-0.23155665046546292,False,21333363,21809407.7687248
Great Smoky Mountains NP,2007-01-01,2007,-0.34171594527930516,False,21448372,22150887.292966366
Great Smoky Mountains NP,2008-01-01,2008,-0.9007012158935821,False,20640664,22492366.81720805
Great Smoky Mountains NP,2009-01-01,2009,-0.5830480565500921,False,21636125,22834781.901790023
Great Smoky Mountains NP,2010-01-01,2010,-0.8500761199502612,False,21428636,23176261.42603159
Great Smoky Mountains NP,2011-01-01,2011,-1.3826853852045247,False,20675153,23517740.950273275
Great Smoky Mountains NP,2012-01-01,2012,-1.3102677577153516,False,21165512,23859220.474514842
Great Smoky Mountains NP,2013-01-01,2013,-1.7434948421380292,False,20617279,24201635.559096813
Great Smoky Mountains NP,2014-01-01,2014,-1.3736147307421094,False,21719175,24543115.0833385
Great Smoky Mountains NP,2015-01-01,2015,-1.22151505729544,False,22373348,24884594.607580066
Great Smoky Mountains NP,2016-01-01,2016,-1.0945296214282267,False,22975890,25226074.13182175
Great Smoky Mountains NP,2017-01-01,2017,-1.6659664875195712,False,22143519,25568489.216403723
Great Smoky Mountains NP,2018-01-01,2018,-1.7266444449198086,False,22360254,25909968.74064529
Great Smoky Mountains NP,2019-01-01,2019,-1.3454497690115925,False,23485411,26251448.264886975
Great Smoky Mountains NP,2020-01-01,2020,-1.7485201363508904,False,22998240,26592927.789128542
Great Smoky Mountains NP,2021-01-01,2021,-1.0465935078244026,False,24783708,26935342.873710513
Great Smoky Mountains NP,2022-01-01,2022,-1.4541398917856643,False,24287335,27276822.3979522
Great Smoky Mountains NP,2023-01-01,2023,-1.4544733429810535,False,24628129,27618301.922193766
Great Smoky Mountains NP,2024-01-01,2024,-2.156847285610976,False,23525636,27959781.446435332
Guadalupe Mountains NP,2014-01-01,2014,-1.48341894044282,False,184283,249361.38040807378
Guadalupe Mountains NP,2015-01-01,2015,-1.4811336119688348,False,187902,252880.1218285635
Guadalupe Mountains NP,2016-01-01,2016,-1.2042676248410094,False,203567,256398.86324905325
Guadalupe Mountains NP,2017-01-01,2017,-0.2031487728569505,False,251015,259927.24505699705
Guadalupe Mountains NP,2018-01-01,2018,-1.574404979262851,False,194376,263445.9864774868
Guadalupe Mountains NP,2019-01-01,2019,-1.262481292233846,False,211579,266964.7278979765
Guadalupe Mountains NP,2020-01-01,2020,-2.389746848612293,False,165644,270483.46931846626
Guadalupe Mountains NP,2021-01-01,2021,-0.055478037967392486,False,271578,274011.85112641007
Guadalupe Mountains NP,2022-01-01,2022,-0.5357717502007334,False,254026,277530.5925468998
Guadalupe Mountains NP,2023-01-01,2023,-0.442081105339408,False,261655,281049.33396738954
Guadalupe Mountains NP,2024-01-01,2024,-0.5521490946891632,False,260345,284568.0753878793
Haleakala NP,2012-01-01,2012,-2.511734658499725,False,1145456,1836237.4097529203
Haleakala NP,2013-01-01,2013,-3.797546579389632,True,826128,1870535.5256261528
Haleakala NP,2014-01-01,2014,-2.6198589500387235,False,1184222,1904739.930800274
Haleakala NP,2015-01-01,2015,-2.46890139869942,False,1259943,1938944.3359744102
Haleakala NP,2016-01-01,2016,-2.4225719739684224,False,1306889,1973148.7411485314
Haleakala NP,2017-01-01,2017,-3.094523131186519,True,1156386,2007446.857021764
Haleakala NP,2018-01-01,2018,-3.469298736060872,True,1087519,2041651.2621958852
Haleakala NP,2019-01-01,2019,-3.8134803858602377,True,1027066,2075855.6673700064
Haleakala NP,2020-01-01,2020,-6.426283434564481,True,342693,2110060.0725441277
Haleakala NP,2021-01-01,2021,-4.586097818586995,True,883082,2144358.18841736
Haleakala NP,2022-01-01,2022,-3.7808135984142486,True,1138757,2178562.5935914814
Haleakala NP,2023-01-01,2023,-4.96680533891252,True,846788,2212766.9987656027
Haleakala NP,2024-01-01,2024,-5.322320641905224,True,783218,2246971.403939724
Hawaii Volcanoes NP,2004-01-01,2004,0.0021993154344381962,False,2722976,2722125.045363322
Hawaii Volcanoes NP,2005-01-01,2005,0.17155042721519798,False,2827126,2760750.059023097
Hawaii Volcanoes NP,2006-01-01,2006,1.7853951878337133,False,3490071,2799269.539858684
Hawaii Volcanoes NP,2007-01-01,2007,1.4937817371563231,False,3415760,2837789.020694256
Hawaii Volcanoes NP,2008-01-01,2008,0.8877967317012252,False,3219813,2876308.5015298277
Hawaii Volcanoes NP,2009-01-01,2009,0.652284236619068,False,3167314,2914933.515189618
Hawaii Volcanoes NP,2010-01-01,2010,0.738117727893823,False,3239044,2953452.9960251898
Hawaii Volcanoes NP,2011-01-01,2011,0.7747650813559688,False,3291743,2991972.4768607616
Hawaii Volcanoes NP,2012-01-01,2012,1.051145427571174,False,3437199,3030491.9576963484
Hawaii Volcanoes NP,2013-01-01,2013,1.2337551640683797,False,3546479,3069116.9713561237
Hawaii Volcanoes NP,2014-01-01,2014,1.4521206274356189,False,3669488,3107636.4521917105
Hawaii Volcanoes NP,2015-01-01,2015,1.7286172773764454,False,3814989,3146155.9330272824
Hawaii Volcanoes NP,2016-01-01,2016,1.7688028486235454,False,3869057,3184675.4138628542
Hawaii Volcanoes NP,2017-01-01,2017,2.0364538692669005,False,4011241,3223300.4275226444
Hawaii Volcanoes NP,2018-01-01,2018,-0.6147786720530347,False,3023951,3261819.9083582163
Hawaii Volcanoes NP,2019-01-01,2019,0.02206827217925678,False,3308878,3300339.389193788
Hawaii Volcanoes NP,2020-01-01,2020,-2.1741918482422715,False,2497625,3338858.870029375
Hawaii Volcanoes NP,2021-01-01,2021,-0.38558531760710607,False,3228294,3377483.88368915
Hawaii Volcanoes NP,2022-01-01,2022,0.4652475590614346,False,3596016,3416003.364524737
Hawaii Volcanoes NP,2023-01-01,2023,0.400715840320962,False,3609567,3454522.845360309
Hawaii Volcanoes NP,2024-01-01,2024,-0.19360260919455738,False,3418134,3493042.326195881
Hot Springs NP,2001-01-01,2001,-0.866163843220346,False,3237297,4171189.6179127544
Hot Springs NP,2002-01-01,2002,-0.7072388625545134,False,3464525,4227065.6648065895
Hot Springs NP,2003-01-01,2003,-0.3821962742622336,False,3870860,4282941.711700425
Hot Springs NP,2004-01-01,2004,-0.4418312283681982,False,3862438,4338817.75859426
Hot Springs NP,2005-01-01,2005,-0.5778597523364596,False,3771802,4394846.890548065
Hot Springs NP,2006-01-01,2006,-0.5743335286025932,False,3831480,4450722.937441915
Hot Springs NP,2007-01-01,2007,-0.753026839198208,False,3694690,4506598.98433575
Hot Springs NP,2008-01-01,2008,-1.0516048882138005,False,3428641,4562475.031229585
Hot Springs NP,2009-01-01,2009,-1.1546643903219598,False,3373552,4618504.163183391
Hot Springs NP,2010-01-01,2010,-1.0427541419010546,False,3550089,4674380.210077226
Hot Springs NP,2011-01-01,2011,-0.9527666652951333,False,3702989,4730256.256971061
Hot Springs NP,2012-01-01,2012,-1.1235448879071177,False,3574733,4786132.303864896
Hot Springs NP,2013-01-01,2013,-1.3206514765665107,False,3418243,4842161.435818717
Hot Springs NP,2014-01-01,2014,-1.1947261244989407,False,3609891,4898037.482712552
Hot Springs NP,2015-01-01,2015,-1.1762063089741805,False,3685735,4953913.529606387
Hot Springs NP,2016-01-01,2016,-1.0097437234286943,False,3921090,5009789.576500222
Hot Springs NP,2017-01-01,2017,-0.9503528616281696,False,4041154,5065818.708454043
Hot Springs NP,2018-01-01,2018,-1.1916137648387024,False,3836904,5121694.755347878
Hot Springs NP,2019-01-01,2019,-1.3480810186684722,False,3724078,5177570.802241713
Hot Springs NP,2020-01-01,2020,-3.4378043388538684,True,1526827,5233446.849135548
Hot Springs NP,2021-01-01,2021,-2.7304530630927397,False,2345518,5289475.981089368
Hot Springs NP,2022-01-01,2022,-2.329863770251756,False,2833307,5345352.0279832035
Hot Springs NP,2023-01-01,2023,-2.527993287056061,False,2675561,5401228.074877039
Hot Springs NP,2024-01-01,2024,-2.58825892546351,False,2666459,5457104.121770874
Indiana Dunes NP,2014-01-01,2014,-1.5014769118130344,False,1573923,2399519.4305089563
Indiana Dunes NP,2015-01-01,2015,-1.394687926306689,False,1664283,2431160.841792695
Indiana Dunes NP,2016-01-01,2016,-1.3436607899216133,False,1723982,2462802.253076434
Indiana Dunes NP,2017-01-01,2017,-0.5562169487673273,False,2188691,2494530.353158213
Indiana Dunes NP,2018-01-01,2018,-1.357601727536218,False,1779686,2526171.764441952
Indiana Dunes NP,2019-01-01,2019,-0.7214434534654963,False,2161123,2557813.1757256836
Indiana Dunes NP,2020-01-01,2020,-0.4893435293073497,False,2320386,2589454.5870094225
Indiana Dunes NP,2021-01-01,2021,1.07184620881035,False,3210544,2621182.6870912015
Indiana Dunes NP,2022-01-01,2022,0.3979183842166645,False,2871622,2652824.0983749405
Indiana Dunes NP,2023-01-01,2023,0.22236629178915882,False,2806735,2684465.5096586794
Indiana Dunes NP,2024-01-01,2024,0.053381370594714914,False,2745459,2716106.9209424183
Isle Royale NP,2008-01-01,2008,-1.954767740128209,False,60682,92856.98609449109
Isle Royale NP,2009-01-01,2009,-2.232229250915062,False,57698,94439.93288211199
Isle Royale NP,2010-01-01,2010,-1.8844488412566678,False,65001,96018.55467850948
Isle Royale NP,2011-01-01,2011,-1.9911711133073997,False,64823,97597.17647490744
Isle Royale NP,2012-01-01,2012,-2.0902991018113277,False,64770,99175.7982713054
Isle Royale NP,2013-01-01,2013,-2.294187193596748,False,62997,100758.74505892629
Isle Royale NP,2014-01-01,2014,-2.5735730963675763,False,59977,102337.36685532378
Isle Royale NP,2015-01-01,2015,-2.4978503004899,False,62802,103915.98865172174
Isle Royale NP,2016-01-01,2016,-1.9070528173338215,False,74105,105494.6104481197
Isle Royale NP,2017-01-01,2017,-1.7428915513069554,False,78390,107077.55723574059
Isle Royale NP,2018-01-01,2018,-1.861278642885549,False,78020,108656.17903213808
Isle Royale NP,2019-01-01,2019,-1.7184831347225042,False,81949,110234.80082853604
Isle Royale NP,2020-01-01,2020,-5.597012650262861,True,19688,111813.422624934
Isle Royale NP,2021-01-01,2021,-1.7269625219326246,False,84971,113396.3694125549
Isle Royale NP,2022-01-01,2022,-1.8400032378942683,False,84689,114974.99120895239
Isle Royale NP,2023-01-01,2023,-1.4319545940084701,False,92984,116553.61300535034
Isle Royale NP,2024-01-01,2024,-1.3561102895940451,False,95811,118132.2348017483
Joshua Tree NP,2008-01-01,2008,-0.1796344516032619,False,1632174,1654226.5201720744
Joshua Tree NP,2009-01-01,2009,-0.8633817862312255,False,1575520,1681511.6073288545
Joshua Tree NP,2010-01-01,2010,0.15708157972990686,False,1728006,1708722.1450671703
Joshua Tree NP,2011-01-01,2011,-0.4317143458965791,False,1682934,1735932.682805486
Joshua Tree NP,2012-01-01,2012,-0.5134939720754287,False,1700105,1763143.2205438092
Joshua Tree NP,2013-01-01,2013,-0.7448667394455218,False,1698986,1790428.3077005818
Joshua Tree NP,2014-01-01,2014,1.0096270038404036,False,1941584,1817638.845438905
Joshua Tree NP,2015-01-01,2015,4.675245469765416,True,2418798,1844849.3831772208
Joshua Tree NP,2016-01-01,2016,8.474185526440559,True,2912379,1872059.9209155366
Joshua Tree NP,2017-01-01,2017,11.284087834386407,True,3284617,1899345.0080723166
Joshua Tree NP,2018-01-01,2018,11.556371644606788,True,3345254,1926555.5458106324
Joshua Tree NP,2019-01-01,2019,11.688312222284003,True,3388662,1953766.0835489482
Joshua Tree NP,2020-01-01,2020,5.679012476337545,True,2678151,1980976.621287264
Joshua Tree NP,2021-01-01,2021,11.526263605139713,True,3423264,2008261.708444044
Joshua Tree NP,2022-01-01,2022,11.649911803065987,True,3465654,2035472.2461823598
Joshua Tree NP,2023-01-01,2023,13.163136395229095,True,3678633,2062682.7839206755
Joshua Tree NP,2024-01-01,2024,10.646842777121293,True,3396935,2089893.3216589987
Katmai NP & PRES,2011-01-01,2011,-0.5598674370316075,False,57191,68105.01407039817
Katmai NP & PRES,2012-01-01,2012,-0.9746487770776291,False,50338,69337.73058465449
Katmai NP & PRES,2013-01-01,2013,-1.7455604064815438,False,36546,70573.82440442918
Katmai NP & PRES,2014-01-01,2014,-1.7602171012157164,False,37493,71806.5409186855
Katmai NP & PRES,2015-01-01,2015,-1.4581084517446516,False,44615,73039.25743294135
Katmai NP & PRES,2016-01-01,2016,-1.5213443822621988,False,44615,74271.97394719766
Katmai NP & PRES,2017-01-01,2017,-1.5847535619044444,False,44615,75508.06776697235
Katmai NP & PRES,2018-01-01,2018,-1.6479894924219913,False,44615,76740.78428122867
Katmai NP & PRES,2019-01-01,2019,0.691471774126664,False,91453,77973.50079548499
Katmai NP & PRES,2020-01-01,2020,-0.2817912343180643,False,73713,79206.21730974084
Katmai NP & PRES,2021-01-01,2021,-1.9416464507231368,False,42592,80442.31112951552
Katmai NP & PRES,2022-01-01,2022,-1.1386125241405312,False,59479,81675.02764377184
Katmai NP & PRES,2023-01-01,2023,-1.1813292420779835,False,59879,82907.74415802816
Katmai NP & PRES,2024-01-01,2024,-1.230560810009616,False,60152,84140.46067228448
Kenai Fjords NP,2016-01-01,2016,-0.20562552284513005,False,348696,358974.6550828703
Kenai Fjords NP,2017-01-01,2017,-1.252543855146431,False,305448,368059.22688020766
Kenai Fjords NP,2018-01-01,2018,-1.075613760692363,False,323352,377118.9774431251
Kenai Fjords NP,2019-01-01,2019,-0.5588570324609156,False,358243,386178.72800604254
Kenai Fjords NP,2020-01-01,2020,-5.586113668491858,True,116004,395238.47856896
Kenai Fjords NP,2021-01-01,2021,0.17638395915736754,False,413140,404323.05036629736
Kenai Fjords NP,2022-01-01,2022,-0.4365072996684841,False,391563,413382.80092921853
Kenai Fjords NP,2023-01-01,2023,-0.6703219185079441,False,388935,422442.551492136
Kenai Fjords NP,2024-01-01,2024,-0.20999957738934694,False,421005,431502.3020550534
Kings Canyon NP,2000-01-01,2000,-2.6426962727523144,False,776954,1267447.7633012757
Kings Canyon NP,2001-01-01,2001,-2.544456151154983,False,810750,1283010.0497087315
Kings Canyon NP,2002-01-01,2002,-2.814773024161769,False,776098,1298529.8162079677
Kings Canyon NP,2003-01-01,2003,-2.8124819389908904,False,792043,1314049.5827072076
Kings Canyon NP,2004-01-01,2004,-3.2257163505596917,True,730865,1329569.3492064476
Kings Canyon NP,2005-01-01,2005,-3.0395145410122866,True,780987,1345131.6356138997
Kings Canyon NP,2006-01-01,2006,-3.410740053833901,True,727606,1360651.4021131396
Kings Canyon NP,2007-01-01,2007,-3.2762424331418645,True,768089,1376171.1686123796
Kings Canyon NP,2008-01-01,2008,-3.3203998173950384,True,775413,1391690.9351116158
Kings Canyon NP,2009-01-01,2009,-3.2080597486358005,True,811826,1407253.2215190716
Kings Canyon NP,2010-01-01,2010,-3.294527750031698,True,811297,1422772.9880183116
Kings Canyon NP,2011-01-01,2011,-3.596939917361556,True,770688,1438292.7545175478
Kings Canyon NP,2012-01-01,2012,-3.6163994958103247,True,782596,1453812.5210167877
Kings Canyon NP,2013-01-01,2013,-3.7518887619969754,True,773011,1469374.8074242435
Kings Canyon NP,2014-01-01,2014,-4.10486569971831,True,723017,1484894.5739234798
Kings Canyon NP,2015-01-01,2015,-4.5390857032609855,True,657944,1500414.3404227197
Kings Canyon NP,2016-01-01,2016,-3.6104868168833626,True,845815,1515934.106921956
Kings Canyon NP,2017-01-01,2017,-3.041479793024368,True,966987,1531496.3933294117
Kings Canyon NP,2018-01-01,2018,-3.121309989718902,True,967690,1547016.1598286517
Kings Canyon NP,2019-01-01,2019,-3.7164159398422596,True,872756,1562535.926327888
Kings Canyon NP,2020-01-01,2020,-5.93410415494018,True,476665,1578055.6928271279
Kings Canyon NP,2021-01-01,2021,-4.279988472919918,True,799237,1593617.9792345837
Kings Canyon NP,2022-01-01,2022,-4.007627096790769,True,865308,1609137.74573382
Kings Canyon NP,2023-01-01,2023,-4.6708351990450225,True,757734,1624657.5122330599
Kings Canyon NP,2024-01-01,2024,-4.229199027374111,True,855223,1640177.278732296
Kobuk Valley NP,2016-01-01,2016,2.061736828709443,False,37400,15965.015217359294
Kobuk Valley NP,2017-01-01,2017,2.03354667775544,False,37400,16258.096006480977
Kobuk Valley NP,2018-01-01,2018,1.7829562609765521,False,35087,16550.37602841924
Kobuk Valley NP,2019-01-01,2019,2.002905789447116,False,37666,16842.656050357502
Kobuk Valley NP,2020-01-01,2020,1.2080010737788887,False,29694,17134.936072295764
Kobuk Valley NP,2021-01-01,2021,1.1220995640453126,False,29094,17428.016861417447
Kobuk Valley NP,2022-01-01,2022,2.029968489168386,False,38825,17720.29688335571
Kobuk Valley NP,2023-01-01,2023,2.0322500094419937,False,39141,18012.576905293972
Kobuk Valley NP,2024-01-01,2024,1.8954471550568304,False,38011,18304.856927232235
Lake Clark NP & PRES,2016-01-01,2016,3.4374439149782394,True,27588,8687.63152581593
Lake Clark NP & PRES,2017-01-01,2017,3.9240662279530105,True,29953,8376.997755354503
Lake Clark NP & PRES,2018-01-01,2018,2.475236425389154,False,21677,8067.21271104191
Lake Clark NP & PRES,2019-01-01,2019,1.834281130202745,False,17843,7757.4276667292
Lake Clark NP & PRES,2020-01-01,2020,0.09973073982035253,False,7996,7447.642622416606
Lake Clark NP & PRES,2021-01-01,2021,3.9264285431117454,True,28726,7137.008851955179
Lake Clark NP & PRES,2022-01-01,2022,3.9258438333544046,True,28413,6827.223807642469
Lake Clark NP & PRES,2023-01-01,2023,3.6033460488428672,True,26330,6517.438763329876
Lake Clark NP & PRES,2024-01-01,2024,4.852038689642808,True,32886,6207.653719017282
Lassen Volcanic NP,2003-01-01,2003,-1.852909181548227,False,487759,626005.9286182001
Lassen Volcanic NP,2004-01-01,2004,-2.3373023496461287,False,459342,633729.8622376341
Lassen Volcanic NP,2005-01-01,2005,-2.70501207080295,False,439652,641474.9573190399
Lassen Volcanic NP,2006-01-01,2006,-2.535183088190262,False,460047,649198.8909384739
Lassen Volcanic NP,2007-01-01,2007,-2.497238600435236,False,470602,656922.8245579079
Lassen Volcanic NP,2008-01-01,2008,-2.80114837343626,False,455651,664646.7581773419
Lassen Volcanic NP,2009-01-01,2009,-2.7854146481110837,False,464570,672391.8532587476
Lassen Volcanic NP,2010-01-01,2010,-2.6384912144528414,False,483256,680115.7868781816
Lassen Volcanic NP,2011-01-01,2011,-3.323968028521246,True,439836,687839.7204976175
Lassen Volcanic NP,2012-01-01,2012,-2.7063348937043563,False,493642,695563.6541170515
Lassen Volcanic NP,2013-01-01,2013,-2.278810597240277,False,533285,703308.7491984572
Lassen Volcanic NP,2014-01-01,2014,-2.301393587003259,False,539324,711032.6828178912
Lassen Volcanic NP,2015-01-01,2015,-1.5839624899190774,False,600576,718756.6164373253
Lassen Volcanic NP,2016-01-01,2016,-0.9823056069182782,False,653190,726480.5500567593
Lassen Volcanic NP,2017-01-01,2017,-1.4951552868976221,False,622671,734225.645138165
Lassen Volcanic NP,2018-01-01,2018,-1.7250542691868562,False,613242,741949.578757599
Lassen Volcanic NP,2019-01-01,2019,-1.5936379859910443,False,630771,749673.512377033
Lassen Volcanic NP,2020-01-01,2020,-1.1620504480358624,False,670696,757397.445996467
Lassen Volcanic NP,2021-01-01,2021,-4.416368647493944,True,435634,765142.5410778727
Lassen Volcanic NP,2022-01-01,2022,-2.993824604274955,False,549495,772866.4746973086
Lassen Volcanic NP,2023-01-01,2023,-3.826934315788167,True,495060,780590.4083167426
Lassen Volcanic NP,2024-01-01,2024,-4.749883637975252,True,433922,788314.3419361766
Mammoth Cave NP,2007-01-01,2007,-5.50420447703757,True,712547,2525704.446334213
Mammoth Cave NP,2008-01-01,2008,-5.75975578998034,True,664817,2562156.414485231
Mammoth Cave NP,2009-01-01,2009,-5.657937871102318,True,734909,2598708.2510421574
Mammoth Cave NP,2010-01-01,2010,-5.809798733608872,True,721336,2635160.2191931754
Mammoth Cave NP,2011-01-01,2011,-5.992559999985504,True,697584,2671612.1873441935
Mammoth Cave NP,2012-01-01,2012,-6.006184130884705,True,729548,2708064.1554952264
Mammoth Cave NP,2013-01-01,2013,-6.1841030541545665,True,707491,2744615.992052138
Mammoth Cave NP,2014-01-01,2014,-6.195599158419188,True,740156,2781067.960203156
Mammoth Cave NP,2015-01-01,2015,-6.133679861643088,True,797005,2817519.928354189
Mammoth Cave NP,2016-01-01,2016,-6.195832714053891,True,812983,2853971.896505207
Mammoth Cave NP,2017-01-01,2017,-6.342146950744431,True,801337,2890523.733062133
Mammoth Cave NP,2018-01-01,2018,-6.6073426868226015,True,750430,2926975.701213151
Mammoth Cave NP,2019-01-01,2019,-6.735828649063944,True,744557,2963427.6693641692
Mammoth Cave NP,2020-01-01,2020,-7.840842051852574,True,417003,2999879.637515202
Mammoth Cave NP,2021-01-01,2021,-6.961414057982888,True,743250,3036431.4740721136
Mammoth Cave NP,2022-01-01,2022,-6.639149979174941,True,885860,3072883.4422231317
Mammoth Cave NP,2023-01-01,2023,-6.81866911652782,True,863176,3109335.4103741646
Mammoth Cave NP,2024-01-01,2024,-6.623106104261324,True,964049,3145787.3785251826
Mesa Verde NP,2001-01-01,2001,-1.5699454377434732,False,637144,839373.8394964933
Mesa Verde NP,2002-01-01,2002,-2.7783572816261435,False,492815,850704.3467372693
Mesa Verde NP,2003-01-01,2003,-2.487544957147262,False,541606,862034.8539780453
Mesa Verde NP,2004-01-01,2004,-2.427135874656766,False,560718,873365.3612188175
Mesa Verde NP,2005-01-01,2005,-2.1998266435531035,False,601360,884726.9109451845
Mesa Verde NP,2006-01-01,2006,-1.7808365526915713,False,666662,896057.4181859605
Mesa Verde NP,2007-01-01,2007,-1.9962219907334802,False,650248,907387.9254267365
Mesa Verde NP,2008-01-01,2008,-1.9793876040643041,False,663747,918718.4326675087
Mesa Verde NP,2009-01-01,2009,-2.1142925467769906,False,657731,930079.9823938757
Mesa Verde NP,2010-01-01,2010,-2.1682194913765653,False,662115,941410.4896346517
Mesa Verde NP,2011-01-01,2011,-2.3583979033482816,False,648948,952740.9968754239
Mesa Verde NP,2012-01-01,2012,-3.1187581581827595,True,562334,964071.5041161999
Mesa Verde NP,2013-01-01,2013,-3.5303038073969164,True,520683,975433.0538425669
Mesa Verde NP,2014-01-01,2014,-3.181127940572643,True,576992,986763.5610833429
Mesa Verde NP,2015-01-01,2015,-2.80927584241143,False,636222,998094.0683241151
Mesa Verde NP,2016-01-01,2016,-2.5203577323954742,False,684769,1009424.5755648911
Mesa Verde NP,2017-01-01,2017,-2.55562233645385,False,691588,1020786.1252912581
Mesa Verde NP,2018-01-01,2018,-2.938179964022984,False,653640,1032116.6325320341
Mesa Verde NP,2019-01-01,2019,-3.071772600501808,True,647762,1043447.1397728063
Mesa Verde NP,2020-01-01,2020,-5.648234261188423,True,327210,1054777.6470135823
Mesa Verde NP,2021-01-01,2021,-3.4031130734531176,True,627773,1066139.1967399493
Mesa Verde NP,2022-01-01,2022,-3.85347426298613,True,581091,1077469.7039807215
Mesa Verde NP,2023-01-01,2023,-3.8989160583726807,True,586568,1088800.2112214975
Mesa Verde NP,2024-01-01,2024,-4.27630341203891,True,549286,1100130.7184622735
Mount Rainier NP,2000-01-01,2000,-0.5205984714515275,False,2166183,2302400.8671452403
Mount Rainier NP,2001-01-01,2001,-0.7060746626950467,False,2145770,2330518.8801291436
Mount Rainier NP,2002-01-01,2002,-1.0267479637502268,False,2089905,2358560.0679409653
Mount Rainier NP,2003-01-01,2003,-1.2360920112265228,False,2063170,2386601.2557527795
Mount Rainier NP,2004-01-01,2004,-1.5543919698006707,False,2007926,2414642.4435646012
Mount Rainier NP,2005-01-01,2005,-1.9342223615762575,False,1936659,2442760.4565485045
Mount Rainier NP,2006-01-01,2006,-2.740035911491718,False,1753854,2470801.644360326
Mount Rainier NP,2007-01-01,2007,-3.1854721196214517,True,1665344,2498842.832172148
Mount Rainier NP,2008-01-01,2008,-2.4323283349469538,False,1890450,2526884.019983962
Mount Rainier NP,2009-01-01,2009,-2.615679601199432,False,1870593,2555002.032967873
Mount Rainier NP,2010-01-01,2010,-2.5922870350405898,False,1904755,2583043.220779687
Mount Rainier NP,2011-01-01,2011,-3.6413815655882384,True,1658294,2611084.408591509
Mount Rainier NP,2012-01-01,2012,-3.49727720834501,True,1724041,2639125.596403323
Mount Rainier NP,2013-01-01,2013,-2.9374206717409077,False,1898649,2667243.609387234
Mount Rainier NP,2014-01-01,2014,-2.4128821267530847,False,2063939,2695284.797199048
Mount Rainier NP,2015-01-01,2015,-2.604298075069148,False,2041895,2723325.98501087
Mount Rainier NP,2016-01-01,2016,-2.439380153974576,False,2113088,2751367.1728226915
Mount Rainier NP,2017-01-01,2017,-2.0395350553669966,False,2245828,2779485.185806595
Mount Rainier NP,2018-01-01,2018,-1.298227408637385,False,2467837,2807526.3736184165
Mount Rainier NP,2019-01-01,2019,-1.458656141436174,False,2453901,2835567.5614302307
Mount Rainier NP,2020-01-01,2020,-4.416972845614211,True,1707880,2863608.7492420524
Mount Rainier NP,2021-01-01,2021,-0.9435422234588059,False,2644843,2891726.7622259557
Mount Rainier NP,2022-01-01,2022,-1.420366936897264,False,2548120,2919767.9500377774
Mount Rainier NP,2023-01-01,2023,-0.8804761910297204,False,2717427,2947809.1378495917
Mount Rainier NP,2024-01-01,2024,-1.162755613559216,False,2671608,2975850.3256614134
National Park of American Samoa,2020-01-01,2020,-3.0840057773503147,True,4819,44041.83766666148
National Park of American Samoa,2021-01-01,2021,-3.0386123518394066,True,8495,47140.51742523257
National Park of American Samoa,2022-01-01,2022,-3.8011616215474207,True,1887,50230.73084566463
National Park of American Samoa,2023-01-01,2023,-3.2383605475397625,True,12135,53320.94426609762
National Park of American Samoa,2024-01-01,2024,-2.6610919567283733,False,22567,56411.15768653061
New River Gorge NP & PRES,2016-01-01,2016,-0.9460552753567922,False,1205822,1416788.8375050947
New River Gorge NP & PRES,2017-01-01,2017,-1.198499564399182,False,1176785,1444045.982987672
New River Gorge NP & PRES,2018-01-01,2018,-1.032889975457465,False,1240898,1471228.6553951576
New River Gorge NP & PRES,2019-01-01,2019,-1.319234048992469,False,1204227,1498411.3278026432
New River Gorge NP & PRES,2020-01-01,2020,-2.0975907434391097,False,1057839,1525594.0002101287
New River Gorge NP & PRES,2021-01-01,2021,0.7762274300853474,False,1725947,1552851.1456926987
New River Gorge NP & PRES,2022-01-01,2022,0.2576283945822301,False,1637484,1580033.8181001842
New River Gorge NP & PRES,2023-01-01,2023,0.6580535259539813,False,1753960,1607216.4905076697
New River Gorge NP & PRES,2024-01-01,2024,1.003181778733888,False,1858105,1634399.1629151553
North Cascades NP,2014-01-01,2014,0.7786891849829959,False,45412,-144710.25284157693
North Cascades NP,2015-01-01,2015,0.8697376392426328,False,44398,-167954.35128831863
North Cascades NP,2016-01-01,2016,1.0049298584235413,False,54162,-191198.44973505288
North Cascades NP,2017-01-01,2017,1.1095871189077342,False,56407,-214506.2306432873
North Cascades NP,2018-01-01,2018,1.206349114832357,False,56788,-237750.329090029
North Cascades NP,2019-01-01,2019,1.3384162929448897,False,65789,-260994.42753676325
North Cascades NP,2020-01-01,2020,1.3847230058795774,False,53851,-284238.52598350495
North Cascades NP,2021-01-01,2021,1.390177619290208,False,31875,-307546.30689173937
North Cascades NP,2022-01-01,2022,1.5738018314377518,False,53464,-330790.4053384736
North Cascades NP,2023-01-01,2023,1.6936268761907147,False,59476,-354034.5037852153
North Cascades NP,2024-01-01,2024,1.6657804193443204,False,29433,-377278.60223194957
Olympic NP,2007-01-01,2007,-2.575415145285169,False,4185334,5135959.318522364
Olympic NP,2008-01-01,2008,-2.7639751442759337,False,4194999,5215224.712629437
Olympic NP,2009-01-01,2009,-2.400800238208121,False,4408535,5294707.27219981
Olympic NP,2010-01-01,2010,-3.640700901387933,True,4030134,5373972.666306883
Olympic NP,2011-01-01,2011,-3.4473044422469443,True,4180785,5453238.060413957
Olympic NP,2012-01-01,2012,-4.389682952645423,True,3912204,5532503.45452103
Olympic NP,2013-01-01,2013,-3.576941291188507,True,4291682,5611986.014091432
Olympic NP,2014-01-01,2014,-3.2614204138807272,True,4487411,5691251.408198506
Olympic NP,2015-01-01,2015,-3.5671795417125094,True,4453816,5770516.802305579
Olympic NP,2016-01-01,2016,-3.4205570760860877,True,4587202,5849782.196412653
Olympic NP,2017-01-01,2017,-3.4848474345825617,True,4642954,5929264.755983025
Olympic NP,2018-01-01,2018,-4.670908562684761,True,4284426,6008530.150090098
Olympic NP,2019-01-01,2019,-4.641585465561102,True,4374515,6087795.544197172
Olympic NP,2020-01-01,2020,-7.324400840229204,True,3463512,6167060.9383042455
Olympic NP,2021-01-01,2021,-6.6588408031953685,True,3788663,6246543.497874618
Olympic NP,2022-01-01,2022,-7.625219939631816,True,3511223,6325808.891981691
Olympic NP,2023-01-01,2023,-5.307170701930102,True,4446116,6405074.286088765
Olympic NP,2024-01-01,2024,-3.3383727008305812,True,5252095,6484339.680195838
Petrified Forest NP,2003-01-01,2003,-2.3778001444688517,False,589097,1059250.1452929005
Petrified Forest NP,2004-01-01,2004,-2.4610083771278086,False,584861,1071466.5844896398
Petrified Forest NP,2005-01-01,2005,-2.441769181401974,False,600915,1083716.493382804
Petrified Forest NP,2006-01-01,2006,-2.5907148159846205,False,583681,1095932.9325795434
Petrified Forest NP,2007-01-01,2007,-2.74281633137971,False,565823,1108149.371776279
Petrified Forest NP,2008-01-01,2008,-2.899039710335967,False,547150,1120365.8109730184
Petrified Forest NP,2009-01-01,2009,-2.504215295418029,False,637467,1132615.7198661827
Petrified Forest NP,2010-01-01,2010,-2.406577396519262,False,668989,1144832.159062922
Petrified Forest NP,2011-01-01,2011,-2.7222688490295743,False,618785,1157048.5982596576
Petrified Forest NP,2012-01-01,2012,-2.549137628195516,False,665234,1169265.037456397
Petrified Forest NP,2013-01-01,2013,-2.7132631996758314,False,645032,1181514.946349565
Petrified Forest NP,2014-01-01,2014,-1.8033046141500833,False,837171,1193731.3855463006
Petrified Forest NP,2015-01-01,2015,-2.0845291952871303,False,793782,1205947.82474304
Petrified Forest NP,2016-01-01,2016,-2.904443412606491,False,643880,1218164.2639397755
Petrified Forest NP,2017-01-01,2017,-3.04024697679548,True,629278,1230414.1728329435
Petrified Forest NP,2018-01-01,2018,-3.016408136895808,True,646208,1242630.6120296791
Petrified Forest NP,2019-01-01,2019,-3.083498112905218,True,645159,1254847.0512264185
Petrified Forest NP,2020-01-01,2020,-4.461988061526464,True,384812,1267063.490423154
Petrified Forest NP,2021-01-01,2021,-3.4807514281403273,True,591078,1279313.399316322
Petrified Forest NP,2022-01-01,2022,-3.9722213959037553,True,506118,1291529.8385130614
Petrified Forest NP,2023-01-01,2023,-3.957056170737052,True,521333,1303746.277709797
Petrified Forest NP,2024-01-01,2024,-3.8228626524272658,True,560083,1315962.7169065364
Pinnacles NP,2004-01-01,2004,-1.9919313661520612,False,157397,217901.38641874213
Pinnacles NP,2005-01-01,2005,-1.6411263280964163,False,170994,220842.77652131766
Pinnacles NP,2006-01-01,2006,-1.678241171587222,False,172800,223776.1300389124
Pinnacles NP,2007-01-01,2007,-1.584227296963729,False,178589,226709.4835565081
Pinnacles NP,2008-01-01,2008,-1.3974060268181931,False,187197,229642.83707410377
Pinnacles NP,2009-01-01,2009,-1.7102446492567824,False,180636,232584.22717667837
Pinnacles NP,2010-01-01,2010,0.705106386863418,False,256935,235517.58069427405
Pinnacles NP,2011-01-01,2011,5.095289498325839,True,393219,238450.93421186972
Pinnacles NP,2012-01-01,2012,-0.5566563131993153,False,224476,241384.28772946447
Pinnacles NP,2013-01-01,2013,-0.21888842612867523,False,237677,244325.67783204
Pinnacles NP,2014-01-01,2014,-1.6666493438758003,False,196635,247259.03134963568
Pinnacles NP,2015-01-01,2015,-1.437358566733627,False,206533,250192.38486723043
Pinnacles NP,2016-01-01,2016,-1.236907547831041,False,215555,253125.7383848261
Pinnacles NP,2017-01-01,2017,-0.7484222940701166,False,233334,256067.12848740164
Pinnacles NP,2018-01-01,2018,-1.213129352190326,False,222152,259000.4820049964
Pinnacles NP,2019-01-01,2019,-2.7888255445024233,False,177224,261933.83552259207
Pinnacles NP,2020-01-01,2020,-2.4036157091153734,False,191858,264867.18904018775
Pinnacles NP,2021-01-01,2021,3.7643595140298025,True,382150,267808.57914276235
Pinnacles NP,2022-01-01,2022,1.192144323826004,False,306953,270741.932660358
Pinnacles NP,2023-01-01,2023,3.2844966520828636,True,373441,273675.2861779537
Pinnacles NP,2024-01-01,2024,3.996096171473324,True,397989,276608.63969554845
Redwood NP,2014-01-01,2014,-0.2878625754826413,False,438522,479672.44133087876
Redwood NP,2015-01-01,2015,0.4063167140206139,False,538568,480484.33951017354
Redwood NP,2016-01-01,2016,0.46995430999387766,False,548477,481296.23768946854
Redwood NP,2017-01-01,2017,-0.18711468508499515,False,455362,482110.360247337
Redwood NP,2018-01-01,2018,0.0779476035616733,False,494065,482922.2584266318
Redwood NP,2019-01-01,2019,0.20148655548973152,False,512537,483734.1566059268
Redwood NP,2020-01-01,2020,-1.4880625507145742,False,271825,484546.0547852218
Redwood NP,2021-01-01,2021,-0.1549207114406688,False,463214,485360.17734309006
Redwood NP,2022-01-01,2022,0.037634563954632404,False,491552,486172.0755223851
Redwood NP,2023-01-01,2023,-0.31192337810571824,False,442394,486983.9737016801
Redwood NP,2024-01-01,2024,1.1591547425295599,False,653499,487795.87188097485
Rocky Mountain NP,2003-01-01,2003,-0.8512911889288209,False,3458452,3670855.7008484155
Rocky Mountain NP,2004-01-01,2004,-2.320599291710173,False,3137388,3716395.3762723505
Rocky Mountain NP,2005-01-01,2005,-2.3144088679929773,False,3184597,3762059.817930326
Rocky Mountain NP,2006-01-01,2006,-2.699032981851897,False,3134170,3807599.493354246
Rocky Mountain NP,2007-01-01,2007,-2.213042658314428,False,3300968,3853139.168778181
Rocky Mountain NP,2008-01-01,2008,-3.066558125654292,True,3133549,3898678.844202116
Rocky Mountain NP,2009-01-01,2009,-3.1339445915295054,True,3162400,3944343.2858600765
Rocky Mountain NP,2010-01-01,2010,-2.7543598046403885,False,3302649,3989882.9612840116
Rocky Mountain NP,2011-01-01,2011,-1.9602467174587652,False,3546326,4035422.6367079467
Rocky Mountain NP,2012-01-01,2012,-2.738866698590134,False,3397594,4080962.312131867
Rocky Mountain NP,2013-01-01,2013,-3.9155416051367813,True,3149669,4126626.753789842
Rocky Mountain NP,2014-01-01,2014,-2.0875525816182368,False,3651306,4172166.429213777
Rocky Mountain NP,2015-01-01,2015,0.7656914015778816,False,4408752,4217706.104637697
Rocky Mountain NP,2016-01-01,2016,1.9708980252225783,False,4755000,4263245.780061632
Rocky Mountain NP,2017-01-01,2017,1.511547693546878,False,4686053,4308910.221719608
Rocky Mountain NP,2018-01-01,2018,1.9422371170627875,False,4839053,4354449.897143528
Rocky Mountain NP,2019-01-01,2019,1.9979481229802407,False,4898493,4399989.572567463
Rocky Mountain NP,2020-01-01,2020,-4.09482863879803,True,3423838,4445529.247991398
Rocky Mountain NP,2021-01-01,2021,0.32005550331906324,False,4571050,4491193.689649358
Rocky Mountain NP,2022-01-01,2022,-0.10602625004010624,False,4510279,4536733.365073293
Rocky Mountain NP,2023-01-01,2023,-1.2981765662440543,False,4258368,4582273.0404972285
Rocky Mountain NP,2024-01-01,2024,-1.1398074031187033,False,4343422,4627812.715921149
Saguaro NP,2004-01-01,2004,1.9048223093474985,False,3603978,2405166.931630671
Saguaro NP,2005-01-01,2005,1.8860008721116321,False,3630997,2444031.313307613
Saguaro NP,2006-01-01,2006,1.0473526054097222,False,3141947,2482789.5081493706
Saguaro NP,2007-01-01,2007,0.519671495398459,False,2848606,2521547.702991128
Saguaro NP,2008-01-01,2008,0.2867600284463564,False,2740780,2560305.8978328854
Saguaro NP,2009-01-01,2009,0.36370317298110494,False,2828069,2599170.2795098275
Saguaro NP,2010-01-01,2010,0.5782365003838836,False,3001845,2637928.474351585
Saguaro NP,2011-01-01,2011,0.4751704931582266,False,2975738,2676686.6691933423
Saguaro NP,2012-01-01,2012,0.6950378457975069,False,3152871,2715444.8640350997
Saguaro NP,2013-01-01,2013,1.2940957822933796,False,3568756,2754309.245712042
Saguaro NP,2014-01-01,2014,1.1832138471146838,False,3537730,2793067.4405537993
Saguaro NP,2015-01-01,2015,1.3105484938639105,False,3656627,2831825.6353955567
Saguaro NP,2016-01-01,2016,1.3854708211459812,False,3742538,2870583.830237314
Saguaro NP,2017-01-01,2017,0.3125160230146416,False,3106132,2909448.211914256
Saguaro NP,2018-01-01,2018,0.15985009568691871,False,3048809,2948206.4067560136
Saguaro NP,2019-01-01,2019,1.1602091177769773,False,3717149,2986964.601597771
Saguaro NP,2020-01-01,2020,1.01245932809648,False,3662920,3025722.7964395285
Saguaro NP,2021-01-01,2021,1.5099562800625013,False,4014887,3064587.1781164706
Saguaro NP,2022-01-01,2022,3.421775802149625,True,5256860,3103345.372958228
Saguaro NP,2023-01-01,2023,3.6026207163667294,True,5409434,3142103.5677999854
Saguaro NP,2024-01-01,2024,3.6067039470986204,True,5450762,3180861.762641743
Sequoia NP,2001-01-01,2001,-1.6119354213345856,False,1157418,1417348.2118852362
Sequoia NP,2002-01-01,2002,-1.6493111813558414,False,1168907,1434864.1836194098
Sequoia NP,2003-01-01,2003,-1.1621153482316962,False,1264985,1452380.1553535908
Sequoia NP,2004-01-01,2004,-1.397241867361371,False,1244586,1469896.1270877644
Sequoia NP,2005-01-01,2005,-1.5381998133755566,False,1239420,1487460.0877855942
Sequoia NP,2006-01-01,2006,-2.0652021863749264,False,1171955,1504976.0595197678
Sequoia NP,2007-01-01,2007,-1.9439395191272266,False,1209025,1522492.0312539414
Sequoia NP,2008-01-01,2008,-2.3433663584971143,False,1162132,1540008.0029881224
Sequoia NP,2009-01-01,2009,-2.036681279063417,False,1229150,1557571.9636859521
Sequoia NP,2010-01-01,2010,-1.9859659222653339,False,1254844,1575087.9354201257
Sequoia NP,2011-01-01,2011,-2.1791956736912805,False,1241201,1592603.9071542993
Sequoia NP,2012-01-01,2012,-1.6729676943144631,False,1340348,1610119.878888473
Sequoia NP,2013-01-01,2013,-3.022451423829951,True,1140303,1627683.8395863026
Sequoia NP,2014-01-01,2014,-2.0608720586950935,False,1312877,1645199.8113204837
Sequoia NP,2015-01-01,2015,-1.7153785852556538,False,1386105,1662715.7830546573
Sequoia NP,2016-01-01,2016,-0.5732635923245794,False,1587791,1680231.7547888309
Sequoia NP,2017-01-01,2017,-0.5707951849563168,False,1605753,1697795.7154866606
Sequoia NP,2018-01-01,2018,-0.8341939604449754,False,1580795,1715311.6872208342
Sequoia NP,2019-01-01,2019,-1.0497612129468754,False,1563550,1732827.6589550152
Sequoia NP,2020-01-01,2020,-5.274320774037063,True,899841,1750343.6306891888
Sequoia NP,2021-01-01,2021,-3.1582608989578214,True,1258627,1767907.5913870186
Sequoia NP,2022-01-01,2022,-2.447801680565777,False,1390707,1785423.5631211922
Sequoia NP,2023-01-01,2023,-4.057664339619981,True,1148627,1802939.5348553658
Sequoia NP,2024-01-01,2024,-1.6585346900858962,False,1553011,1820455.5065895468
Shenandoah NP,2007-01-01,2007,-1.9559170813160924,False,1406957,2387536.5952340327
Shenandoah NP,2008-01-01,2008,-2.0424166660116656,False,1381214,2405159.3025837652
Shenandoah NP,2009-01-01,2009,-1.9900410169618838,False,1425143,2422830.291323494
Shenandoah NP,2010-01-01,2010,-1.7441354900771244,False,1566048,2440452.9986732267
Shenandoah NP,2011-01-01,2011,-1.9035835634477247,False,1503733,2458075.706022959
Shenandoah NP,2012-01-01,2012,-1.9254284310943992,False,1510404,2475698.4133726917
Shenandoah NP,2013-01-01,2013,-2.1804768460430433,False,1400209,2493369.402112428
Shenandoah NP,2014-01-01,2014,-1.931266177363071,False,1542771,2510992.1094621606
Shenandoah NP,2015-01-01,2015,-1.7597492793924117,False,1646382,2528614.816811893
Shenandoah NP,2016-01-01,2016,-1.529174663695344,False,1779601,2546237.5241616257
Shenandoah NP,2017-01-01,2017,-1.5168676256185456,False,1803442,2563908.5129013546
Shenandoah NP,2018-01-01,2018,-1.9829738158243932,False,1587387,2581531.220251087
Shenandoah NP,2019-01-01,2019,-1.7060095304041738,False,1743863,2599153.9276008196
Shenandoah NP,2020-01-01,2020,-1.4018222062265233,False,1913987,2616776.634950552
Shenandoah NP,2021-01-01,2021,-1.3909034473829585,False,1937132,2634447.623690281
Shenandoah NP,2022-01-01,2022,-1.7994838141887246,False,1749917,2652070.3310400136
Shenandoah NP,2023-01-01,2023,-1.5516454675094205,False,1891791,2669693.038389746
Shenandoah NP,2024-01-01,2024,-1.3709092784238104,False,2000024,2687315.7457394786
Theodore Roosevelt NP,2008-01-01,2008,-0.7537239856336817,False,543315,694782.7901762053
Theodore Roosevelt NP,2009-01-01,2009,-0.413141321986634,False,620320,703344.5610655211
Theodore Roosevelt NP,2010-01-01,2010,-0.2621872093060387,False,659194,711882.9391381964
Theodore Roosevelt NP,2011-01-01,2011,-0.6415147917344485,False,591503,720421.3172108717
Theodore Roosevelt NP,2012-01-01,2012,-0.27280506531604004,False,674137,728959.695283547
Theodore Roosevelt NP,2013-01-01,2013,-0.7791155839736392,False,580951,737521.4661728591
Theodore Roosevelt NP,2014-01-01,2014,-0.7476633237590765,False,595810,746059.8442455344
Theodore Roosevelt NP,2015-01-01,2015,-0.6746653227059168,False,619018,754598.2223182097
Theodore Roosevelt NP,2016-01-01,2016,0.16269170595685872,False,795831,763136.600390885
Theodore Roosevelt NP,2017-01-01,2017,-0.10977535848729797,False,749638,771698.3712802008
Theodore Roosevelt NP,2018-01-01,2018,0.05827177369031254,False,791947,780236.7493528761
Theodore Roosevelt NP,2019-01-01,2019,-0.2493895301948617,False,738658,788775.1274255514
Theodore Roosevelt NP,2020-01-01,2020,-1.174912483526004,False,561204,797313.5054982267
Theodore Roosevelt NP,2021-01-01,2021,0.19263471512980068,False,844587,805875.2763875388
Theodore Roosevelt NP,2022-01-01,2022,-0.49520320871810036,False,714898,814413.6544602141
Theodore Roosevelt NP,2023-01-01,2023,-0.16180910365931853,False,790435,822952.0325328894
Theodore Roosevelt NP,2024-01-01,2024,-0.25979603504777216,False,779282,831490.4106055647
Virgin Islands NP,2011-01-01,2011,-2.290468738726712,False,825051,1503175.6285905987
Virgin Islands NP,2012-01-01,2012,-2.0508917486807676,False,924031,1531225.5806720778
Virgin Islands NP,2013-01-01,2013,-2.355156689116726,False,862076,1559352.38193734
Virgin Islands NP,2014-01-01,2014,-2.4059192532046794,False,875097,1587402.334018819
Virgin Islands NP,2015-01-01,2015,-2.454243152835337,False,888840,1615452.2861002982
Virgin Islands NP,2016-01-01,2016,-3.0226544686293213,True,748604,1643502.2381817773
Virgin Islands NP,2017-01-01,2017,-3.6430507108389407,True,593054,1671629.0394470394
Virgin Islands NP,2018-01-01,2018,-4.6867381389805445,True,312106,1699678.9915285185
Virgin Islands NP,2019-01-01,2019,-4.580362217546663,True,371650,1727728.9436099976
Virgin Islands NP,2020-01-01,2020,-4.591065833624193,True,396531,1755778.8956914768
Virgin Islands NP,2021-01-01,2021,-4.11924776526124,True,564346,1783905.6969567388
Virgin Islands NP,2022-01-01,2022,-4.751199463009026,True,405298,1811955.649038218
Virgin Islands NP,2023-01-01,2023,-4.1232229374936935,True,619269,1840005.6011196896
Virgin Islands NP,2024-01-01,2024,-3.9775649279180563,True,690443,1868055.5532011688
Voyageurs NP,2015-01-01,2015,0.8199071518611802,False,319694,290374.4633106729
Voyageurs NP,2016-01-01,2016,0.8114248662285948,False,321020,292003.7862957809
Voyageurs NP,2017-01-01,2017,0.7900938872327006,False,321891,293637.5731794783
Voyageurs NP,2018-01-01,2018,0.9208749760365552,False,328197,295266.8961645863
Voyageurs NP,2019-01-01,2019,0.28492449851544666,False,307085,296896.2191496943
Voyageurs NP,2020-01-01,2020,2.0450031746265935,False,371654,298525.5421348023
Voyageurs NP,2021-01-01,2021,1.2527739138858507,False,344958,300159.3290184997
Voyageurs NP,2022-01-01,2022,-0.33939580569944205,False,289652,301788.6520036077
Voyageurs NP,2023-01-01,2023,-0.13545949851692715,False,298574,303417.9749887157
Voyageurs NP,2024-01-01,2024,-0.8156219027416527,False,275881,305047.29797382373
White Sands NP,2006-01-01,2006,-2.635623325107403,False,442795,715872.0646178611
White Sands NP,2007-01-01,2007,-2.752136680182447,False,439423,724572.0191682614
White Sands NP,2008-01-01,2008,-2.783899569486393,False,444832,733271.9737186618
White Sands NP,2009-01-01,2009,-2.5935202583206687,False,473281,741995.7637609802
White Sands NP,2010-01-01,2010,-2.682787221769268,False,472732,750695.7183113806
White Sands NP,2011-01-01,2011,-3.168482909859947,True,431109,759395.672861781
White Sands NP,2012-01-01,2012,-3.073192487307528,True,449682,768095.6274121813
White Sands NP,2013-01-01,2013,-2.7408481834271825,False,492840,776819.4174544998
White Sands NP,2014-01-01,2014,-2.7002435755950738,False,505747,785519.3720049001
White Sands NP,2015-01-01,2015,-2.8298155094411346,False,501022,794219.3265553005
White Sands NP,2016-01-01,2016,-2.3433564697338527,False,560124,802919.2811057009
White Sands NP,2017-01-01,2017,-1.8715951885088766,False,617727,811643.071148023
White Sands NP,2018-01-01,2018,-2.0578122064695687,False,607133,820343.0256984234
White Sands NP,2019-01-01,2019,-2.0848844311151895,False,613028,829042.9802488238
White Sands NP,2020-01-01,2020,-4.068639428418404,True,416191,837742.9347992241
White Sands NP,2021-01-01,2021,-0.6176787368877522,False,782469,846466.7248415425
White Sands NP,2022-01-01,2022,-1.4481189742185938,False,705127,855166.6793919429
White Sands NP,2023-01-01,2023,-1.300748661756045,False,729096,863866.6339423433
White Sands NP,2024-01-01,2024,-1.643958172170067,False,702236,872566.5884927437
Wind Cave NP,2000-01-01,2000,-1.0747015375072841,False,891232,1112736.985206429
Wind Cave NP,2001-01-01,2001,-1.1866866729899737,False,882479,1127065.0592653416
Wind Cave NP,2002-01-01,2002,-0.14484605921909433,False,1111500,1141353.9855809212
Wind Cave NP,2003-01-01,2003,0.2653705298061292,False,1210338,1155642.9118965007
Wind Cave NP,2004-01-01,2004,-1.6218838350548,False,835648,1169931.8382120803
Wind Cave NP,2005-01-01,2005,-1.5713573775579295,False,860390,1184259.9122709893
Wind Cave NP,2006-01-01,2006,-1.7706405301320203,False,833605,1198548.8385865688
Wind Cave NP,2007-01-01,2007,-1.7753318791643735,False,846927,1212837.7649021484
Wind Cave NP,2008-01-01,2008,-2.0365775799976777,False,807371,1227126.6912177317
Wind Cave NP,2009-01-01,2009,-2.0421575282692928,False,820549,1241454.7652766407
Wind Cave NP,2010-01-01,2010,-2.1732678074904785,False,807815,1255743.6915922202
Wind Cave NP,2011-01-01,2011,-2.465909612762356,False,761788,1270032.6179077998
Wind Cave NP,2012-01-01,2012,-2.5423059575446616,False,760331,1284321.5442233793
Wind Cave NP,2013-01-01,2013,-2.708772140275217,False,740349,1298649.618282292
Wind Cave NP,2014-01-01,2014,-2.635999387396498,False,769637,1312938.5445978716
Wind Cave NP,2015-01-01,2015,-2.23986762161115,False,865572,1327227.4709134512
Wind Cave NP,2016-01-01,2016,-2.2554707059058106,False,876645,1341516.3972290307
Wind Cave NP,2017-01-01,2017,-2.286881725114075,False,884499,1355844.4712879397
Wind Cave NP,2018-01-01,2018,-2.1445145166539876,False,928131,1370133.397603523
Wind Cave NP,2019-01-01,2019,-2.5237515424512824,False,864256,1384422.3239191025
Wind Cave NP,2020-01-01,2020,-3.6548066426399175,True,645425,1398711.250234682
Wind Cave NP,2021-01-01,2021,-2.014990068231964,False,997733,1413039.324293591
Wind Cave NP,2022-01-01,2022,-2.7391524311870916,False,862766,1427328.2506091706
Wind Cave NP,2023-01-01,2023,-2.9053122326559033,False,842808,1441617.1769247502
Wind Cave NP,2024-01-01,2024,-3.635704327970659,True,706557,1455906.1032403298
Wrangell-St. Elias NP & PRES,2016-01-01,2016,0.36959263421602523,False,79047,74883.4747557519
Wrangell-St. Elias NP & PRES,2017-01-01,2017,-0.7142889413814727,False,68292,76338.5890383264
Wrangell-St. Elias NP & PRES,2018-01-01,2018,0.14738098468764496,False,79450,77789.72759881755
Wrangell-St. Elias NP & PRES,2019-01-01,2019,-0.41924485681459445,False,74518,79240.8661593087
Wrangell-St. Elias NP & PRES,2020-01-01,2020,-5.646429081724627,True,17084,80692.00471979985
Wrangell-St. Elias NP & PRES,2021-01-01,2021,-2.592158774359169,False,52946,82147.11900237435
Wrangell-St. Elias NP & PRES,2022-01-01,2022,-0.9714237700736021,False,72655,83598.2575628655
Wrangell-St. Elias NP & PRES,2023-01-01,2023,2.3075191234744232,False,111044,85049.39612335665
Wrangell-St. Elias NP & PRES,2024-01-01,2024,1.5619346575207325,False,104096,86500.5346838478
Yellowstone NP,2000-01-01,2000,1.1935767430612412,False,4986064,4288749.408523813
Yellowstone NP,2001-01-01,2001,0.9990197929952961,False,4927859,4344208.989324987
Yellowstone NP,2002-01-01,2002,1.3702565821665724,False,5200052,4399517.041216865
Yellowstone NP,2003-01-01,2003,1.2932567425247787,False,5210375,4454825.093108743
Yellowstone NP,2004-01-01,2004,0.8611080688587922,False,5013212,4510133.145000637
Yellowstone NP,2005-01-01,2005,0.6841728245767495,False,4965302,4565592.725801811
Yellowstone NP,2006-01-01,2006,0.6181379822396357,False,4982031,4620900.777693689
Yellowstone NP,2007-01-01,2007,1.2904260812679846,False,5430105,4676208.829585567
Yellowstone NP,2008-01-01,2008,0.6980217296983678,False,5139317,4731516.88147746
Yellowstone NP,2009-01-01,2009,1.0969200115252684,False,5427822,4786976.462278634
Yellowstone NP,2010-01-01,2010,1.7405717688571931,False,5859166,4842284.514170513
Yellowstone NP,2011-01-01,2011,1.2892814210016854,False,5650820,4897592.566062391
Yellowstone NP,2012-01-01,2012,1.4636703199091305,False,5808010,4952900.617954269
Yellowstone NP,2013-01-01,2013,0.9632950419571503,False,5571139,5008360.198755443
Yellowstone NP,2014-01-01,2014,1.4046506438955277,False,5884297,5063668.250647336
Yellowstone NP,2015-01-01,2015,2.573270047707427,False,6622339,5118976.3025392145
Yellowstone NP,2016-01-01,2016,2.859051405964538,False,6844607,5174284.354431093
Yellowstone NP,2017-01-01,2017,2.708398948696757,False,6812052,5229743.935232267
Yellowstone NP,2018-01-01,2018,2.61118763728259,False,6810567,5285051.98712416
Yellowstone NP,2019-01-01,2019,2.062917143112915,False,6545563,5340360.039016038
Yellowstone NP,2020-01-01,2020,0.28957607745999425,False,5564845,5395668.090907916
Yellowstone NP,2021-01-01,2021,3.000010815749522,True,7203802,5451127.6717090905
Yellowstone NP,2022-01-01,2022,0.20994782081130772,False,5629092,5506435.723600984
Yellowstone NP,2023-01-01,2023,2.394691778938239,False,6960777,5561743.775492862
Yellowstone NP,2024-01-01,2024,2.7996982265272536,False,7252699,5617051.82738474
Yosemite NP,2001-01-01,2001,0.03824110972613228,False,5159375,5125720.846430048
Yosemite NP,2002-01-01,2002,-0.02783917857167993,False,5168909,5193408.916389033
Yosemite NP,2003-01-01,2003,-0.12368476366092994,False,5152248,5261096.986347988
Yosemite NP,2004-01-01,2004,-0.3844047535544921,False,4990489,5328785.056306943
Yosemite NP,2005-01-01,2005,-0.5154919577635407,False,4942999,5396658.573032901
Yosemite NP,2006-01-01,2006,-0.6094365181712815,False,4928011,5464346.642991856
Yosemite NP,2007-01-01,2007,-0.3648930096604837,False,5210910,5532034.712950811
Yosemite NP,2008-01-01,2008,-0.40389875218042676,False,5244271,5599722.782909766
Yosemite NP,2009-01-01,2009,-0.09961835171437258,False,5579927,5667596.299635753
Yosemite NP,2010-01-01,2010,0.038072343317409024,False,5768790,5735284.369594708
Yosemite NP,2011-01-01,2011,-0.08376148773167105,False,5729258,5802972.439553663
Yosemite NP,2012-01-01,2012,-0.1621751423732033,False,5727938,5870660.509512618
Yosemite NP,2013-01-01,2013,-0.5466326887569588,False,5457469,5938534.026238605
Yosemite NP,2014-01-01,2014,-0.2916943363809813,False,5749516,6006222.09619756
Yosemite NP,2015-01-01,2015,0.3341381356558896,False,6367969,6073910.1661565155
Yosemite NP,2016-01-01,2016,1.0848996319508848,False,7096366,6141598.2361154705
Yosemite NP,2017-01-01,2017,0.07021206510761387,False,6271262,6209471.752841428
Yosemite NP,2018-01-01,2018,-0.8022140334953707,False,5571170,6277159.822800383
Yosemite NP,2019-01-01,2019,-0.23702004450018269,False,6136258,6344847.892759338
Yosemite NP,2020-01-01,2020,-4.026005481774572,True,2869443,6412535.962718323
Yosemite NP,2021-01-01,2021,-2.265458361897062,False,4486689,6480409.47944428
Yosemite NP,2022-01-01,2022,-1.5411112228921815,False,5191840,6548097.549403235
Yosemite NP,2023-01-01,2023,-1.58544278889224,False,5220514,6615785.61936219
Yosemite NP,2024-01-01,2024,-1.1180487361270646,False,5699533,6683473.689321145
Zion NP,2003-01-01,2003,0.6094824524981507,False,2749543,2530789.9639018923
Zion NP,2004-01-01,2004,1.121837939521619,False,2970621,2567975.354871854
Zion NP,2005-01-01,2005,0.7629482555675935,False,2879097,2605262.6236252785
Zion NP,2006-01-01,2006,0.6176374215608698,False,2864128,2642448.0145952404
Zion NP,2007-01-01,2007,0.7859319532759141,False,2961717,2679633.4055651873
Zion NP,2008-01-01,2008,0.8241960791714433,False,3012636,2716818.7965351343
Zion NP,2009-01-01,2009,0.8631236532873958,False,3063895,2754106.0652885735
Zion NP,2010-01-01,2010,0.5594303798288999,False,2992080,2791291.4562585205
Zion NP,2011-01-01,2011,0.923715030827553,False,3160013,2828476.8472284824
Zion NP,2012-01-01,2012,1.2981691907450654,False,3331596,2865662.2381984293
Zion NP,2013-01-01,2013,0.7390572000970236,False,3168209,2902949.5069518685
Zion NP,2014-01-01,2014,1.676910512617527,False,3542005,2940134.8979218155
Zion NP,2015-01-01,2015,2.8619692630369435,False,4004527,2977320.2888917625
Zion NP,2016-01-01,2016,4.57348816626597,True,4656004,3014505.6798617244
Zion NP,2017-01-01,2017,5.0735542119308805,True,4872773,3051792.9486151487
Zion NP,2018-01-01,2018,4.4335037344407775,True,4680234,3088978.3395850956
Zion NP,2019-01-01,2019,4.746450475483776,True,4829741,3126163.7305550575
Zion NP,2020-01-01,2020,1.7473107530082297,False,3790487,3163349.1215250045
Zion NP,2021-01-01,2021,6.041082846086418,True,5368878,3200636.3902784437
Zion NP,2022-01-01,2022,5.018569675910296,True,5039067,3237821.7812483907
Zion NP,2023-01-01,2023,4.710234648517896,True,4965586,3275007.1722183377
Zion NP,2024-01-01,2024,5.551179506459092,True,5304600,3312192.5631882995
